"INDICATOR","HFA_221"

"HFA_221","Bronchitis/emphysema/asthma, all ages, per 100 000, by sex (age-standardized death rate)"

"UNIT_TYPE","Unit"
"DTH_100K","deaths per 100 000"

"EXTERNID","ID in the originating data source"

"DATA_SOURCE","Data source"
"HFA","European Health for All database"

"DATA_TYPE_REPRESENTATION","Data type representation"
"RATE","Rate"

"DATA_SET","Data set"
"HFA","European Health for All database (WHO)"

"DATA_MASK","Mask for controlling the output format of values"

"SEX","Sex"
"FEMALE","Female"
"MALE","Male"
"ALL","All"

"COUNTRY","COUNTRY_GRP","SEX","YEAR","VALUE"
"ALB","","ALL","1987","3.61"
"ALB","","ALL","1988","2.98"
"ALB","","ALL","1989","4"
"ALB","","ALL","1992","4.32"
"ALB","","ALL","1993","4.71"
"ALB","","ALL","1994","3.18"
"ALB","","ALL","1995","2.44"
"ALB","","ALL","1996","2.51"
"ALB","","ALL","1997","2.19"
"ALB","","ALL","1998","1.79"
"ALB","","ALL","1999","1.91"
"ALB","","ALL","2000","2.63"
"ALB","","ALL","2001","1.41"
"ALB","","ALL","2002","1.84"
"ALB","","ALL","2003","1.93"
"ALB","","ALL","2004","1.57"
"ALB","","ALL","2005","0.95"
"ALB","","ALL","2006","1.46"
"ALB","","ALL","2007","0.58"
"ALB","","ALL","2008","0.65"
"ALB","","ALL","2009","0.9"
"ARM","","ALL","1981","72.01"
"ARM","","ALL","1982","59.66"
"ARM","","ALL","1985","54.37"
"ARM","","ALL","1986","65.92"
"ARM","","ALL","1987","51.88"
"ARM","","ALL","1988","52.93"
"ARM","","ALL","1989","45.99"
"ARM","","ALL","1990","48.3"
"ARM","","ALL","1991","41.67"
"ARM","","ALL","1992","40.95"
"ARM","","ALL","1993","54.88"
"ARM","","ALL","1994","44.91"
"ARM","","ALL","1995","49.61"
"ARM","","ALL","1996","53.96"
"ARM","","ALL","1997","46.39"
"ARM","","ALL","1998","37.54"
"ARM","","ALL","1999","42.17"
"ARM","","ALL","2000","42.48"
"ARM","","ALL","2001","37.51"
"ARM","","ALL","2002","45.47"
"ARM","","ALL","2003","48.35"
"ARM","","ALL","2007","5.81"
"ARM","","ALL","2012","4.6"
"ARM","","ALL","2013","4.35"
"ARM","","ALL","2014","4.16"
"ARM","","ALL","2015","5"
"ARM","","ALL","2016","4.44"
"ARM","","ALL","2017","2.83"
"ARM","","ALL","2018","1.95"
"ARM","","ALL","2019","1.96"
"ARM","","ALL","2022","1.38"
"AUT","","ALL","1969","7.54"
"AUT","","ALL","1970","6.08"
"AUT","","ALL","1971","4.37"
"AUT","","ALL","1972","3.94"
"AUT","","ALL","1973","4.2"
"AUT","","ALL","1974","3.81"
"AUT","","ALL","1975","4.62"
"AUT","","ALL","1976","4.31"
"AUT","","ALL","1977","4.28"
"AUT","","ALL","1978","4.01"
"AUT","","ALL","1979","3.92"
"AUT","","ALL","1980","4.01"
"AUT","","ALL","1981","4.3"
"AUT","","ALL","1982","4.24"
"AUT","","ALL","1983","5.25"
"AUT","","ALL","1984","5.25"
"AUT","","ALL","1985","5.28"
"AUT","","ALL","1986","5.12"
"AUT","","ALL","1987","4.56"
"AUT","","ALL","1988","3.91"
"AUT","","ALL","1989","3.75"
"AUT","","ALL","1990","3.91"
"AUT","","ALL","1991","3.7"
"AUT","","ALL","1992","3.14"
"AUT","","ALL","1993","3.23"
"AUT","","ALL","1994","2.47"
"AUT","","ALL","1995","2.54"
"AUT","","ALL","1996","2.31"
"AUT","","ALL","1997","2.17"
"AUT","","ALL","1998","2.12"
"AUT","","ALL","1999","2.14"
"AUT","","ALL","2000","2.25"
"AUT","","ALL","2001","1.79"
"AUT","","ALL","2002","3.69"
"AUT","","ALL","2003","4.51"
"AUT","","ALL","2004","4.03"
"AUT","","ALL","2005","3.69"
"AUT","","ALL","2006","4.48"
"AUT","","ALL","2007","4.53"
"AUT","","ALL","2008","3.92"
"AUT","","ALL","2009","3.64"
"AUT","","ALL","2010","3.72"
"AUT","","ALL","2011","3.76"
"AUT","","ALL","2012","3.47"
"AUT","","ALL","2013","4.07"
"AUT","","ALL","2014","2.97"
"AUT","","ALL","2015","3.67"
"AUT","","ALL","2016","3.21"
"AUT","","ALL","2017","3.56"
"AUT","","ALL","2018","4.03"
"AUT","","ALL","2019","3.39"
"AUT","","ALL","2020","3.24"
"AUT","","ALL","2021","3.03"
"AZE","","ALL","1981","44.43"
"AZE","","ALL","1982","41.68"
"AZE","","ALL","1985","40.76"
"AZE","","ALL","1986","38.24"
"AZE","","ALL","1987","28.27"
"AZE","","ALL","1988","34.31"
"AZE","","ALL","1989","45.13"
"AZE","","ALL","1990","42.08"
"AZE","","ALL","1991","35.71"
"AZE","","ALL","1992","43.05"
"AZE","","ALL","1993","49.91"
"AZE","","ALL","1994","52.24"
"AZE","","ALL","1995","47.9"
"AZE","","ALL","1996","47.88"
"AZE","","ALL","1997","39.53"
"AZE","","ALL","1998","38.39"
"AZE","","ALL","1999","36.19"
"AZE","","ALL","2000","39.02"
"AZE","","ALL","2007","1.32"
"BEL","","ALL","1968","6.74"
"BEL","","ALL","1969","8.64"
"BEL","","ALL","1970","9.05"
"BEL","","ALL","1971","8.48"
"BEL","","ALL","1972","8.05"
"BEL","","ALL","1973","8.04"
"BEL","","ALL","1974","7.2"
"BEL","","ALL","1975","7.26"
"BEL","","ALL","1976","7.36"
"BEL","","ALL","1977","7.17"
"BEL","","ALL","1978","7.08"
"BEL","","ALL","1979","7.1"
"BEL","","ALL","1980","7.61"
"BEL","","ALL","1981","6.23"
"BEL","","ALL","1982","6.76"
"BEL","","ALL","1983","6.66"
"BEL","","ALL","1984","6.11"
"BEL","","ALL","1985","7.13"
"BEL","","ALL","1986","6.85"
"BEL","","ALL","1987","5.65"
"BEL","","ALL","1988","4.69"
"BEL","","ALL","1989","3.91"
"BEL","","ALL","1990","3.27"
"BEL","","ALL","1991","3.7"
"BEL","","ALL","1992","3.77"
"BEL","","ALL","1993","3"
"BEL","","ALL","1994","3.12"
"BEL","","ALL","1995","3.34"
"BEL","","ALL","1996","3.19"
"BEL","","ALL","1997","2.41"
"BEL","","ALL","1998","7.01"
"BEL","","ALL","1999","5.87"
"BEL","","ALL","2000","5.57"
"BEL","","ALL","2001","5.77"
"BEL","","ALL","2002","5.76"
"BEL","","ALL","2003","5.93"
"BEL","","ALL","2004","5.1"
"BEL","","ALL","2005","5.38"
"BEL","","ALL","2006","4.69"
"BEL","","ALL","2007","5.13"
"BEL","","ALL","2008","5.47"
"BEL","","ALL","2009","5.34"
"BEL","","ALL","2010","5.12"
"BEL","","ALL","2011","5.15"
"BEL","","ALL","2012","4.69"
"BEL","","ALL","2013","5.17"
"BEL","","ALL","2014","4.14"
"BEL","","ALL","2015","4.64"
"BEL","","ALL","2016","4.58"
"BEL","","ALL","2017","3.98"
"BEL","","ALL","2018","4.4"
"BEL","","ALL","2019","4.11"
"BEL","","ALL","2020","3.69"
"BGR","","ALL","1968","13.53"
"BGR","","ALL","1969","15.04"
"BGR","","ALL","1970","12.75"
"BGR","","ALL","1971","14.65"
"BGR","","ALL","1972","12.94"
"BGR","","ALL","1973","11.41"
"BGR","","ALL","1974","12.04"
"BGR","","ALL","1975","11.91"
"BGR","","ALL","1976","10.91"
"BGR","","ALL","1977","11.51"
"BGR","","ALL","1978","11.25"
"BGR","","ALL","1979","11.96"
"BGR","","ALL","1980","9.82"
"BGR","","ALL","1981","7.1"
"BGR","","ALL","1982","6.62"
"BGR","","ALL","1983","6.38"
"BGR","","ALL","1984","6.46"
"BGR","","ALL","1985","6.29"
"BGR","","ALL","1986","5.07"
"BGR","","ALL","1987","4.68"
"BGR","","ALL","1988","3.99"
"BGR","","ALL","1989","4.12"
"BGR","","ALL","1990","2.97"
"BGR","","ALL","1991","2.77"
"BGR","","ALL","1992","2.75"
"BGR","","ALL","1993","2.62"
"BGR","","ALL","1994","2.55"
"BGR","","ALL","1995","2.04"
"BGR","","ALL","1996","1.87"
"BGR","","ALL","1997","1.93"
"BGR","","ALL","1998","1.83"
"BGR","","ALL","1999","1.11"
"BGR","","ALL","2000","1.37"
"BGR","","ALL","2001","1.2"
"BGR","","ALL","2002","1.05"
"BGR","","ALL","2003","0.94"
"BGR","","ALL","2004","1.05"
"BGR","","ALL","2005","4.99"
"BGR","","ALL","2006","4.22"
"BGR","","ALL","2007","4.49"
"BGR","","ALL","2008","4.19"
"BGR","","ALL","2009","3.66"
"BGR","","ALL","2010","3.04"
"BGR","","ALL","2011","2.6"
"BGR","","ALL","2012","3.27"
"BGR","","ALL","2013","3.29"
"BGR","","ALL","2014","3.16"
"BGR","","ALL","2015","3.19"
"BGR","","ALL","2016","2.75"
"BGR","","ALL","2017","2.64"
"BGR","","ALL","2018","2.62"
"BGR","","ALL","2019","2.88"
"BGR","","ALL","2020","3.3"
"BGR","","ALL","2021","2.58"
"BIH","","ALL","1985","8.01"
"BIH","","ALL","1986","7.55"
"BIH","","ALL","1987","5.97"
"BIH","","ALL","1988","5.29"
"BIH","","ALL","1989","5.94"
"BIH","","ALL","1990","5.25"
"BIH","","ALL","1991","6.7"
"BIH","","ALL","2011","3.01"
"BIH","","ALL","2014","3"
"BIH","","ALL","2016","2.52"
"BIH","","ALL","2021","1.95"
"BIH","","ALL","2022","1.84"
"BLR","","ALL","1981","36.71"
"BLR","","ALL","1982","33.82"
"BLR","","ALL","1985","43.73"
"BLR","","ALL","1986","41.93"
"BLR","","ALL","1987","45.31"
"BLR","","ALL","1988","45.6"
"BLR","","ALL","1989","48.18"
"BLR","","ALL","1990","46.21"
"BLR","","ALL","1991","42.86"
"BLR","","ALL","1992","40.65"
"BLR","","ALL","1993","47.34"
"BLR","","ALL","1994","46.48"
"BLR","","ALL","1995","45.49"
"BLR","","ALL","1996","45.72"
"BLR","","ALL","1997","47.21"
"BLR","","ALL","1998","46.28"
"BLR","","ALL","1999","47.46"
"BLR","","ALL","2000","45.31"
"BLR","","ALL","2001","45.28"
"BLR","","ALL","2018","2.87"
"","CARINFONET","ALL","1981","30.09"
"","CARINFONET","ALL","1982","29"
"","CARINFONET","ALL","1985","35.15"
"","CARINFONET","ALL","1986","33.07"
"","CARINFONET","ALL","1987","36.42"
"","CARINFONET","ALL","1988","39.2"
"","CARINFONET","ALL","1989","39.21"
"","CARINFONET","ALL","1990","39.51"
"","CARINFONET","ALL","1991","28.4"
"","CARINFONET","ALL","1992","30.1"
"","CARINFONET","ALL","1993","33.81"
"","CARINFONET","ALL","1994","39.82"
"","CARINFONET","ALL","1995","40.49"
"","CARINFONET","ALL","1996","40.62"
"","CARINFONET","ALL","1997","35.54"
"","CARINFONET","ALL","1998","35.56"
"","CARINFONET","ALL","1999","25.79"
"","CARINFONET","ALL","2000","31.68"
"","CARINFONET","ALL","2001","27.68"
"","CARINFONET","ALL","2002","27.39"
"","CARINFONET","ALL","2003","28.31"
"","CARINFONET","ALL","2004","16.41"
"","CARINFONET","ALL","2005","16.02"
"","CARINFONET","ALL","2013","10.62"
"","CARINFONET","ALL","2014","10.52"
"","CARINFONET","ALL","2015","10.22"
"","CARINFONET","ALL","2016","10.36"
"CHE","","ALL","1969","6.93"
"CHE","","ALL","1970","6.06"
"CHE","","ALL","1971","6.08"
"CHE","","ALL","1972","5.86"
"CHE","","ALL","1973","5.82"
"CHE","","ALL","1974","4.9"
"CHE","","ALL","1975","4.92"
"CHE","","ALL","1976","5.52"
"CHE","","ALL","1977","4.83"
"CHE","","ALL","1978","5.51"
"CHE","","ALL","1979","5.05"
"CHE","","ALL","1980","4.67"
"CHE","","ALL","1981","4.46"
"CHE","","ALL","1982","4.73"
"CHE","","ALL","1983","4.68"
"CHE","","ALL","1984","4.62"
"CHE","","ALL","1985","4.26"
"CHE","","ALL","1986","3.65"
"CHE","","ALL","1987","3.87"
"CHE","","ALL","1988","3.95"
"CHE","","ALL","1989","3.73"
"CHE","","ALL","1990","4.26"
"CHE","","ALL","1991","3.37"
"CHE","","ALL","1992","3.66"
"CHE","","ALL","1993","3.12"
"CHE","","ALL","1994","3.23"
"CHE","","ALL","1995","2.68"
"CHE","","ALL","1996","3.03"
"CHE","","ALL","1997","2.81"
"CHE","","ALL","1998","3.02"
"CHE","","ALL","1999","3.07"
"CHE","","ALL","2000","2.84"
"CHE","","ALL","2001","2.69"
"CHE","","ALL","2002","1.94"
"CHE","","ALL","2003","2.18"
"CHE","","ALL","2004","2.1"
"CHE","","ALL","2005","2.53"
"CHE","","ALL","2006","2.21"
"CHE","","ALL","2007","2.21"
"CHE","","ALL","2008","2.18"
"CHE","","ALL","2009","2.09"
"CHE","","ALL","2010","1.8"
"CHE","","ALL","2011","1.91"
"CHE","","ALL","2012","2.08"
"CHE","","ALL","2013","2.24"
"CHE","","ALL","2015","2.09"
"CHE","","ALL","2016","2.16"
"CHE","","ALL","2017","2.24"
"CHE","","ALL","2018","1.99"
"CHE","","ALL","2019","2.15"
"","CIS","ALL","1981","27.63"
"","CIS","ALL","1982","26.01"
"","CIS","ALL","1985","35.58"
"","CIS","ALL","1986","32.64"
"","CIS","ALL","1987","33.96"
"","CIS","ALL","1988","37.01"
"","CIS","ALL","1989","37.55"
"","CIS","ALL","1990","39.28"
"","CIS","ALL","1991","35.36"
"","CIS","ALL","1992","35.88"
"","CIS","ALL","1993","41.42"
"","CIS","ALL","1994","44.06"
"","CIS","ALL","1995","41.54"
"","CIS","ALL","1996","40.3"
"","CIS","ALL","1997","38.15"
"","CIS","ALL","1998","34.84"
"","CIS","ALL","1999","32.95"
"","CIS","ALL","2000","33.92"
"","CIS","ALL","2001","31.79"
"","CIS","ALL","2002","30.94"
"","CIS","ALL","2003","30.43"
"CYP","","ALL","2004","1.84"
"CYP","","ALL","2005","1.28"
"CYP","","ALL","2006","0.62"
"CYP","","ALL","2007","0.31"
"CYP","","ALL","2008","0.88"
"CYP","","ALL","2009","1.09"
"CYP","","ALL","2010","0.91"
"CYP","","ALL","2011","0.38"
"CYP","","ALL","2012","0.65"
"CYP","","ALL","2013","1.12"
"CYP","","ALL","2014","0.51"
"CYP","","ALL","2015","1.04"
"CYP","","ALL","2016","1.26"
"CYP","","ALL","2017","0.73"
"CYP","","ALL","2018","0.39"
"CYP","","ALL","2019","1.23"
"CYP","","ALL","2020","0.29"
"CYP","","ALL","2021","0.87"
"CZE","","ALL","1986","8.78"
"CZE","","ALL","1987","7.78"
"CZE","","ALL","1988","6.91"
"CZE","","ALL","1989","8.19"
"CZE","","ALL","1990","8.09"
"CZE","","ALL","1991","6.56"
"CZE","","ALL","1992","6.63"
"CZE","","ALL","1993","5.35"
"CZE","","ALL","1994","4.67"
"CZE","","ALL","1995","3.61"
"CZE","","ALL","1996","3.11"
"CZE","","ALL","1997","3.74"
"CZE","","ALL","1998","3.9"
"CZE","","ALL","1999","3.85"
"CZE","","ALL","2000","4.03"
"CZE","","ALL","2001","4.02"
"CZE","","ALL","2002","3.83"
"CZE","","ALL","2003","3.9"
"CZE","","ALL","2004","3.56"
"CZE","","ALL","2005","4.13"
"CZE","","ALL","2006","3.68"
"CZE","","ALL","2007","4.08"
"CZE","","ALL","2008","4.28"
"CZE","","ALL","2009","4.64"
"CZE","","ALL","2010","3.89"
"CZE","","ALL","2011","4.46"
"CZE","","ALL","2012","3.98"
"CZE","","ALL","2013","4.85"
"CZE","","ALL","2014","4.16"
"CZE","","ALL","2015","5.1"
"CZE","","ALL","2016","4.81"
"CZE","","ALL","2017","4.58"
"CZE","","ALL","2018","4.14"
"CZE","","ALL","2019","4.05"
"CZE","","ALL","2020","3.89"
"CZE","","ALL","2021","3.64"
"DEU","","ALL","1990","5.24"
"DEU","","ALL","1991","4.97"
"DEU","","ALL","1992","4.56"
"DEU","","ALL","1993","4.17"
"DEU","","ALL","1994","3.76"
"DEU","","ALL","1995","3.64"
"DEU","","ALL","1996","3.32"
"DEU","","ALL","1997","2.86"
"DEU","","ALL","1998","4.23"
"DEU","","ALL","1999","4.16"
"DEU","","ALL","2000","3.97"
"DEU","","ALL","2001","3.73"
"DEU","","ALL","2002","3.89"
"DEU","","ALL","2003","4.05"
"DEU","","ALL","2004","3.76"
"DEU","","ALL","2005","3.72"
"DEU","","ALL","2006","3.61"
"DEU","","ALL","2007","3.84"
"DEU","","ALL","2008","3.65"
"DEU","","ALL","2009","4.04"
"DEU","","ALL","2010","4.05"
"DEU","","ALL","2011","4.12"
"DEU","","ALL","2012","3.81"
"DEU","","ALL","2013","4.39"
"DEU","","ALL","2014","4.11"
"DEU","","ALL","2015","4.62"
"DEU","","ALL","2016","4.45"
"DEU","","ALL","2017","4.62"
"DEU","","ALL","2018","4.71"
"DEU","","ALL","2019","4.57"
"DEU","","ALL","2020","4.2"
"DNK","","ALL","1969","9.47"
"DNK","","ALL","1970","8.99"
"DNK","","ALL","1971","8.77"
"DNK","","ALL","1972","8.57"
"DNK","","ALL","1973","8.39"
"DNK","","ALL","1974","8.85"
"DNK","","ALL","1975","7.26"
"DNK","","ALL","1976","9.28"
"DNK","","ALL","1977","8.1"
"DNK","","ALL","1978","8.19"
"DNK","","ALL","1979","8.88"
"DNK","","ALL","1980","9.46"
"DNK","","ALL","1981","9.46"
"DNK","","ALL","1982","9.3"
"DNK","","ALL","1983","10.07"
"DNK","","ALL","1984","9.65"
"DNK","","ALL","1985","11.27"
"DNK","","ALL","1986","11.49"
"DNK","","ALL","1987","10.93"
"DNK","","ALL","1988","10.42"
"DNK","","ALL","1989","11.13"
"DNK","","ALL","1990","11"
"DNK","","ALL","1991","10.22"
"DNK","","ALL","1992","9.56"
"DNK","","ALL","1993","8.54"
"DNK","","ALL","1994","9.36"
"DNK","","ALL","1995","9.79"
"DNK","","ALL","1996","9.27"
"DNK","","ALL","1997","8.53"
"DNK","","ALL","1998","9.2"
"DNK","","ALL","1999","9.54"
"DNK","","ALL","2000","8.03"
"DNK","","ALL","2001","8.13"
"DNK","","ALL","2002","6.63"
"DNK","","ALL","2003","7.24"
"DNK","","ALL","2004","5.49"
"DNK","","ALL","2005","5.75"
"DNK","","ALL","2006","5.94"
"DNK","","ALL","2007","6.14"
"DNK","","ALL","2008","5.28"
"DNK","","ALL","2009","6.65"
"DNK","","ALL","2010","5.84"
"DNK","","ALL","2011","6.18"
"DNK","","ALL","2012","5.87"
"DNK","","ALL","2013","5.95"
"DNK","","ALL","2014","5.71"
"DNK","","ALL","2015","6.07"
"DNK","","ALL","2016","6.02"
"DNK","","ALL","2017","5.89"
"DNK","","ALL","2018","5.99"
"DNK","","ALL","2019","5.7"
"DNK","","ALL","2020","4.87"
"DNK","","ALL","2021","4.68"
"ESP","","ALL","1968","8.73"
"ESP","","ALL","1969","11.43"
"ESP","","ALL","1970","40.28"
"ESP","","ALL","1971","9.95"
"ESP","","ALL","1972","7.57"
"ESP","","ALL","1973","7.5"
"ESP","","ALL","1974","7.12"
"ESP","","ALL","1975","6.65"
"ESP","","ALL","1976","5.93"
"ESP","","ALL","1977","5.11"
"ESP","","ALL","1978","4.59"
"ESP","","ALL","1979","3.91"
"ESP","","ALL","1980","3.36"
"ESP","","ALL","1981","3.04"
"ESP","","ALL","1982","2.91"
"ESP","","ALL","1983","2.77"
"ESP","","ALL","1984","2.37"
"ESP","","ALL","1985","2.33"
"ESP","","ALL","1986","2.26"
"ESP","","ALL","1987","1.93"
"ESP","","ALL","1988","1.68"
"ESP","","ALL","1989","1.62"
"ESP","","ALL","1990","1.64"
"ESP","","ALL","1991","1.47"
"ESP","","ALL","1992","1.4"
"ESP","","ALL","1993","1.44"
"ESP","","ALL","1994","1.34"
"ESP","","ALL","1995","1.3"
"ESP","","ALL","1996","1.16"
"ESP","","ALL","1997","1.33"
"ESP","","ALL","1998","1.19"
"ESP","","ALL","1999","3.91"
"ESP","","ALL","2000","2.94"
"ESP","","ALL","2001","2.71"
"ESP","","ALL","2002","2.81"
"ESP","","ALL","2003","2.78"
"ESP","","ALL","2004","2.42"
"ESP","","ALL","2005","2.65"
"ESP","","ALL","2006","2.04"
"ESP","","ALL","2007","2.31"
"ESP","","ALL","2008","2.26"
"ESP","","ALL","2009","2.28"
"ESP","","ALL","2010","2.04"
"ESP","","ALL","2011","2.02"
"ESP","","ALL","2012","1.99"
"ESP","","ALL","2013","1.87"
"ESP","","ALL","2014","1.79"
"ESP","","ALL","2015","1.95"
"ESP","","ALL","2016","1.84"
"ESP","","ALL","2017","1.9"
"ESP","","ALL","2018","1.85"
"ESP","","ALL","2019","1.83"
"ESP","","ALL","2020","1.74"
"ESP","","ALL","2021","1.65"
"EST","","ALL","1981","13.39"
"EST","","ALL","1982","14.57"
"EST","","ALL","1985","16.65"
"EST","","ALL","1986","14.26"
"EST","","ALL","1987","14.9"
"EST","","ALL","1988","12.18"
"EST","","ALL","1989","16.37"
"EST","","ALL","1990","16.32"
"EST","","ALL","1991","15.46"
"EST","","ALL","1992","14.09"
"EST","","ALL","1993","13.96"
"EST","","ALL","1994","6.51"
"EST","","ALL","1995","6.49"
"EST","","ALL","1996","4.21"
"EST","","ALL","1997","4.86"
"EST","","ALL","1998","3.99"
"EST","","ALL","1999","4.53"
"EST","","ALL","2000","3.36"
"EST","","ALL","2001","3.1"
"EST","","ALL","2002","3.43"
"EST","","ALL","2003","3.64"
"EST","","ALL","2004","2.46"
"EST","","ALL","2005","2.6"
"EST","","ALL","2006","3.6"
"EST","","ALL","2007","3.14"
"EST","","ALL","2008","3.09"
"EST","","ALL","2009","2.36"
"EST","","ALL","2010","2.66"
"EST","","ALL","2011","3.06"
"EST","","ALL","2012","2.32"
"EST","","ALL","2013","1.98"
"EST","","ALL","2014","2.08"
"EST","","ALL","2015","1.32"
"EST","","ALL","2016","1.3"
"","EU_AFTER_MAY2004","ALL","1981","10.51"
"","EU_AFTER_MAY2004","ALL","1982","10.43"
"","EU_AFTER_MAY2004","ALL","1985","11.87"
"","EU_AFTER_MAY2004","ALL","1986","10.58"
"","EU_AFTER_MAY2004","ALL","1987","9.93"
"","EU_AFTER_MAY2004","ALL","1988","9.04"
"","EU_AFTER_MAY2004","ALL","1989","9.3"
"","EU_AFTER_MAY2004","ALL","1990","8.33"
"","EU_AFTER_MAY2004","ALL","1991","8.05"
"","EU_AFTER_MAY2004","ALL","1992","6.81"
"","EU_AFTER_MAY2004","ALL","1993","5.75"
"","EU_AFTER_MAY2004","ALL","1994","5.08"
"","EU_AFTER_MAY2004","ALL","1995","4.78"
"","EU_AFTER_MAY2004","ALL","1996","4.26"
"","EU_AFTER_MAY2004","ALL","1997","4.19"
"","EU_AFTER_MAY2004","ALL","1998","4.11"
"","EU_AFTER_MAY2004","ALL","1999","5.33"
"","EU_AFTER_MAY2004","ALL","2000","5.01"
"","EU_AFTER_MAY2004","ALL","2001","4.44"
"","EU_AFTER_MAY2004","ALL","2002","4.48"
"","EU_AFTER_MAY2004","ALL","2003","4.64"
"","EU_AFTER_MAY2004","ALL","2004","4.42"
"","EU_AFTER_MAY2004","ALL","2005","5.04"
"","EU_AFTER_MAY2004","ALL","2006","4.74"
"","EU_AFTER_MAY2004","ALL","2007","5.11"
"","EU_AFTER_MAY2004","ALL","2008","4.82"
"","EU_AFTER_MAY2004","ALL","2009","4.87"
"","EU_AFTER_MAY2004","ALL","2010","4.4"
"","EU_AFTER_MAY2004","ALL","2011","4.54"
"","EU_AFTER_MAY2004","ALL","2012","4.24"
"","EU_AFTER_MAY2004","ALL","2013","4.42"
"","EU_AFTER_MAY2004","ALL","2014","4.2"
"","EU_AFTER_MAY2004","ALL","2015","4.49"
"","EU_AFTER_MAY2004","ALL","2016","4.43"
"","EU_AFTER_MAY2004","ALL","2017","4.56"
"","EU_AFTER_MAY2004","ALL","2018","4.48"
"","EU_AFTER_MAY2004","ALL","2019","4.37"
"","EU_AFTER_MAY2004","ALL","2020","4.26"
"","EU_AFTER_MAY2004","ALL","2021","4.06"
"","EU_BEFORE_FEB2020","ALL","1969","10.29"
"","EU_BEFORE_FEB2020","ALL","1970","11.5"
"","EU_BEFORE_FEB2020","ALL","1971","8.87"
"","EU_BEFORE_FEB2020","ALL","1972","8.37"
"","EU_BEFORE_FEB2020","ALL","1973","8.33"
"","EU_BEFORE_FEB2020","ALL","1974","7.89"
"","EU_BEFORE_FEB2020","ALL","1975","7.85"
"","EU_BEFORE_FEB2020","ALL","1976","7.59"
"","EU_BEFORE_FEB2020","ALL","1977","7.38"
"","EU_BEFORE_FEB2020","ALL","1978","7.34"
"","EU_BEFORE_FEB2020","ALL","1979","6.79"
"","EU_BEFORE_FEB2020","ALL","1980","6.62"
"","EU_BEFORE_FEB2020","ALL","1981","6.21"
"","EU_BEFORE_FEB2020","ALL","1982","6.05"
"","EU_BEFORE_FEB2020","ALL","1983","6.17"
"","EU_BEFORE_FEB2020","ALL","1984","6.01"
"","EU_BEFORE_FEB2020","ALL","1985","6.28"
"","EU_BEFORE_FEB2020","ALL","1986","5.79"
"","EU_BEFORE_FEB2020","ALL","1987","5.34"
"","EU_BEFORE_FEB2020","ALL","1988","4.99"
"","EU_BEFORE_FEB2020","ALL","1989","4.92"
"","EU_BEFORE_FEB2020","ALL","1990","4.54"
"","EU_BEFORE_FEB2020","ALL","1991","4.38"
"","EU_BEFORE_FEB2020","ALL","1992","3.88"
"","EU_BEFORE_FEB2020","ALL","1993","3.47"
"","EU_BEFORE_FEB2020","ALL","1994","3.13"
"","EU_BEFORE_FEB2020","ALL","1995","3.01"
"","EU_BEFORE_FEB2020","ALL","1996","2.82"
"","EU_BEFORE_FEB2020","ALL","1997","2.76"
"","EU_BEFORE_FEB2020","ALL","1998","2.99"
"","EU_BEFORE_FEB2020","ALL","1999","3.41"
"","EU_BEFORE_FEB2020","ALL","2000","4.06"
"","EU_BEFORE_FEB2020","ALL","2001","3.43"
"","EU_BEFORE_FEB2020","ALL","2002","3.51"
"","EU_BEFORE_FEB2020","ALL","2003","3.65"
"","EU_BEFORE_FEB2020","ALL","2004","3.33"
"","EU_BEFORE_FEB2020","ALL","2005","3.48"
"","EU_BEFORE_FEB2020","ALL","2006","3.26"
"","EU_BEFORE_FEB2020","ALL","2007","3.44"
"","EU_BEFORE_FEB2020","ALL","2008","3.34"
"","EU_BEFORE_FEB2020","ALL","2009","3.35"
"","EU_BEFORE_FEB2020","ALL","2010","3.2"
"","EU_BEFORE_FEB2020","ALL","2011","3.31"
"","EU_BEFORE_FEB2020","ALL","2012","3.13"
"","EU_BEFORE_FEB2020","ALL","2013","3.32"
"","EU_BEFORE_FEB2020","ALL","2014","3.12"
"","EU_BEFORE_FEB2020","ALL","2015","3.39"
"","EU_BEFORE_FEB2020","ALL","2016","3.38"
"","EU_BEFORE_FEB2020","ALL","2017","3.41"
"","EU_BEFORE_FEB2020","ALL","2018","3.49"
"","EU_BEFORE_FEB2020","ALL","2019","3.38"
"","EU_BEFORE_FEB2020","ALL","2020","3.19"
"","EU_BEFORE_FEB2020","ALL","2021","3.14"
"","EU_BEFORE_MAY2004","ALL","1969","9.65"
"","EU_BEFORE_MAY2004","ALL","1970","11.27"
"","EU_BEFORE_MAY2004","ALL","1971","7.8"
"","EU_BEFORE_MAY2004","ALL","1972","7.55"
"","EU_BEFORE_MAY2004","ALL","1973","7.32"
"","EU_BEFORE_MAY2004","ALL","1974","6.96"
"","EU_BEFORE_MAY2004","ALL","1975","6.81"
"","EU_BEFORE_MAY2004","ALL","1976","6.56"
"","EU_BEFORE_MAY2004","ALL","1977","6.16"
"","EU_BEFORE_MAY2004","ALL","1978","5.97"
"","EU_BEFORE_MAY2004","ALL","1979","5.46"
"","EU_BEFORE_MAY2004","ALL","1980","5.27"
"","EU_BEFORE_MAY2004","ALL","1981","4.91"
"","EU_BEFORE_MAY2004","ALL","1982","4.72"
"","EU_BEFORE_MAY2004","ALL","1983","4.69"
"","EU_BEFORE_MAY2004","ALL","1984","4.41"
"","EU_BEFORE_MAY2004","ALL","1985","4.57"
"","EU_BEFORE_MAY2004","ALL","1986","4.32"
"","EU_BEFORE_MAY2004","ALL","1987","3.93"
"","EU_BEFORE_MAY2004","ALL","1988","3.75"
"","EU_BEFORE_MAY2004","ALL","1989","3.58"
"","EU_BEFORE_MAY2004","ALL","1990","3.38"
"","EU_BEFORE_MAY2004","ALL","1991","3.26"
"","EU_BEFORE_MAY2004","ALL","1992","2.99"
"","EU_BEFORE_MAY2004","ALL","1993","2.79"
"","EU_BEFORE_MAY2004","ALL","1994","2.54"
"","EU_BEFORE_MAY2004","ALL","1995","2.49"
"","EU_BEFORE_MAY2004","ALL","1996","2.39"
"","EU_BEFORE_MAY2004","ALL","1997","2.34"
"","EU_BEFORE_MAY2004","ALL","1998","2.66"
"","EU_BEFORE_MAY2004","ALL","1999","2.85"
"","EU_BEFORE_MAY2004","ALL","2000","3.79"
"","EU_BEFORE_MAY2004","ALL","2001","3.14"
"","EU_BEFORE_MAY2004","ALL","2002","3.23"
"","EU_BEFORE_MAY2004","ALL","2003","3.37"
"","EU_BEFORE_MAY2004","ALL","2004","3.02"
"","EU_BEFORE_MAY2004","ALL","2005","3.04"
"","EU_BEFORE_MAY2004","ALL","2006","2.85"
"","EU_BEFORE_MAY2004","ALL","2007","2.98"
"","EU_BEFORE_MAY2004","ALL","2008","2.93"
"","EU_BEFORE_MAY2004","ALL","2009","2.94"
"","EU_BEFORE_MAY2004","ALL","2010","2.88"
"","EU_BEFORE_MAY2004","ALL","2011","2.98"
"","EU_BEFORE_MAY2004","ALL","2012","2.84"
"","EU_BEFORE_MAY2004","ALL","2013","3.03"
"","EU_BEFORE_MAY2004","ALL","2014","2.84"
"","EU_BEFORE_MAY2004","ALL","2015","3.11"
"","EU_BEFORE_MAY2004","ALL","2016","3.1"
"","EU_BEFORE_MAY2004","ALL","2017","3.11"
"","EU_BEFORE_MAY2004","ALL","2018","3.23"
"","EU_BEFORE_MAY2004","ALL","2019","3.12"
"","EU_BEFORE_MAY2004","ALL","2020","2.92"
"","EU_MEMBERS","ALL","1969","8.94"
"","EU_MEMBERS","ALL","1970","10.77"
"","EU_MEMBERS","ALL","1971","7.97"
"","EU_MEMBERS","ALL","1972","7.33"
"","EU_MEMBERS","ALL","1973","7.52"
"","EU_MEMBERS","ALL","1974","7.15"
"","EU_MEMBERS","ALL","1975","7.24"
"","EU_MEMBERS","ALL","1976","7.02"
"","EU_MEMBERS","ALL","1977","6.95"
"","EU_MEMBERS","ALL","1978","6.87"
"","EU_MEMBERS","ALL","1979","6.38"
"","EU_MEMBERS","ALL","1980","6.35"
"","EU_MEMBERS","ALL","1981","6"
"","EU_MEMBERS","ALL","1982","5.84"
"","EU_MEMBERS","ALL","1983","6.06"
"","EU_MEMBERS","ALL","1984","5.99"
"","EU_MEMBERS","ALL","1985","6.24"
"","EU_MEMBERS","ALL","1986","5.82"
"","EU_MEMBERS","ALL","1987","5.4"
"","EU_MEMBERS","ALL","1988","5.02"
"","EU_MEMBERS","ALL","1989","5"
"","EU_MEMBERS","ALL","1990","4.65"
"","EU_MEMBERS","ALL","1991","4.49"
"","EU_MEMBERS","ALL","1992","3.98"
"","EU_MEMBERS","ALL","1993","3.56"
"","EU_MEMBERS","ALL","1994","3.2"
"","EU_MEMBERS","ALL","1995","3.07"
"","EU_MEMBERS","ALL","1996","2.9"
"","EU_MEMBERS","ALL","1997","2.82"
"","EU_MEMBERS","ALL","1998","3.11"
"","EU_MEMBERS","ALL","1999","3.6"
"","EU_MEMBERS","ALL","2000","3.41"
"","EU_MEMBERS","ALL","2001","3.12"
"","EU_MEMBERS","ALL","2002","3.22"
"","EU_MEMBERS","ALL","2003","3.32"
"","EU_MEMBERS","ALL","2004","3.03"
"","EU_MEMBERS","ALL","2005","3.22"
"","EU_MEMBERS","ALL","2006","2.99"
"","EU_MEMBERS","ALL","2007","3.2"
"","EU_MEMBERS","ALL","2008","3.05"
"","EU_MEMBERS","ALL","2009","3.14"
"","EU_MEMBERS","ALL","2010","2.97"
"","EU_MEMBERS","ALL","2011","3.07"
"","EU_MEMBERS","ALL","2012","2.87"
"","EU_MEMBERS","ALL","2013","3.07"
"","EU_MEMBERS","ALL","2014","2.87"
"","EU_MEMBERS","ALL","2015","3.11"
"","EU_MEMBERS","ALL","2016","3.06"
"","EU_MEMBERS","ALL","2017","3.12"
"","EU_MEMBERS","ALL","2018","3.19"
"","EU_MEMBERS","ALL","2019","3.11"
"","EU_MEMBERS","ALL","2020","2.92"
"","EU_MEMBERS","ALL","2021","2.86"
"FIN","","ALL","1969","10.48"
"FIN","","ALL","1970","8.27"
"FIN","","ALL","1971","8.1"
"FIN","","ALL","1972","6.88"
"FIN","","ALL","1973","7.46"
"FIN","","ALL","1974","7.13"
"FIN","","ALL","1975","7.34"
"FIN","","ALL","1976","6.81"
"FIN","","ALL","1977","6.37"
"FIN","","ALL","1978","5.75"
"FIN","","ALL","1979","5.46"
"FIN","","ALL","1980","6.11"
"FIN","","ALL","1981","5.59"
"FIN","","ALL","1982","5.19"
"FIN","","ALL","1983","6.24"
"FIN","","ALL","1984","5.01"
"FIN","","ALL","1985","5.39"
"FIN","","ALL","1986","4.95"
"FIN","","ALL","1987","4.91"
"FIN","","ALL","1988","3.99"
"FIN","","ALL","1989","4.3"
"FIN","","ALL","1990","3.39"
"FIN","","ALL","1991","3.51"
"FIN","","ALL","1992","3.25"
"FIN","","ALL","1993","3.22"
"FIN","","ALL","1994","2.72"
"FIN","","ALL","1995","3.07"
"FIN","","ALL","1996","3.11"
"FIN","","ALL","1997","3.24"
"FIN","","ALL","1998","3.43"
"FIN","","ALL","1999","2.98"
"FIN","","ALL","2000","3.05"
"FIN","","ALL","2001","2.62"
"FIN","","ALL","2002","2.92"
"FIN","","ALL","2003","2.71"
"FIN","","ALL","2004","2.63"
"FIN","","ALL","2005","2.71"
"FIN","","ALL","2006","2.71"
"FIN","","ALL","2007","2.36"
"FIN","","ALL","2008","2.45"
"FIN","","ALL","2009","2.75"
"FIN","","ALL","2010","2.32"
"FIN","","ALL","2011","2.77"
"FIN","","ALL","2012","2.3"
"FIN","","ALL","2013","2.34"
"FIN","","ALL","2014","2.05"
"FIN","","ALL","2016","2.3"
"FIN","","ALL","2017","2.08"
"FIN","","ALL","2018","2.05"
"FIN","","ALL","2019","1.98"
"FIN","","ALL","2020","1.75"
"FIN","","ALL","2021","1.44"
"FRA","","ALL","1968","2.68"
"FRA","","ALL","1969","2.74"
"FRA","","ALL","1970","2.25"
"FRA","","ALL","1971","2.38"
"FRA","","ALL","1972","2.68"
"FRA","","ALL","1973","2.64"
"FRA","","ALL","1974","2.67"
"FRA","","ALL","1975","2.63"
"FRA","","ALL","1976","2.72"
"FRA","","ALL","1977","2.46"
"FRA","","ALL","1978","2.49"
"FRA","","ALL","1979","2.07"
"FRA","","ALL","1980","2.24"
"FRA","","ALL","1981","2.24"
"FRA","","ALL","1982","2.09"
"FRA","","ALL","1983","2.15"
"FRA","","ALL","1984","2.34"
"FRA","","ALL","1985","2.8"
"FRA","","ALL","1986","2.9"
"FRA","","ALL","1987","2.58"
"FRA","","ALL","1988","2.42"
"FRA","","ALL","1989","2.24"
"FRA","","ALL","1990","1.88"
"FRA","","ALL","1991","2.05"
"FRA","","ALL","1992","2.03"
"FRA","","ALL","1993","1.9"
"FRA","","ALL","1994","1.7"
"FRA","","ALL","1995","2.02"
"FRA","","ALL","1996","1.88"
"FRA","","ALL","1997","1.81"
"FRA","","ALL","1998","1.81"
"FRA","","ALL","1999","1.68"
"FRA","","ALL","2000","2.06"
"FRA","","ALL","2001","1.96"
"FRA","","ALL","2002","1.86"
"FRA","","ALL","2003","1.73"
"FRA","","ALL","2004","1.63"
"FRA","","ALL","2005","1.65"
"FRA","","ALL","2006","1.53"
"FRA","","ALL","2007","1.58"
"FRA","","ALL","2008","1.55"
"FRA","","ALL","2009","1.57"
"FRA","","ALL","2010","1.6"
"FRA","","ALL","2011","1.66"
"FRA","","ALL","2012","1.57"
"FRA","","ALL","2013","1.68"
"FRA","","ALL","2014","1.56"
"FRA","","ALL","2017","1.66"
"FRA","","ALL","2018","1.96"
"GBR","","ALL","1968","18.62"
"GBR","","ALL","1969","19.66"
"GBR","","ALL","1970","16.56"
"GBR","","ALL","1971","15.18"
"GBR","","ALL","1972","15.69"
"GBR","","ALL","1973","14.08"
"GBR","","ALL","1974","13.12"
"GBR","","ALL","1975","12.19"
"GBR","","ALL","1976","11.69"
"GBR","","ALL","1977","10.45"
"GBR","","ALL","1978","10.74"
"GBR","","ALL","1979","9.8"
"GBR","","ALL","1980","8.65"
"GBR","","ALL","1981","7.73"
"GBR","","ALL","1982","7.59"
"GBR","","ALL","1983","6.93"
"GBR","","ALL","1984","6.16"
"GBR","","ALL","1985","6.54"
"GBR","","ALL","1986","5.53"
"GBR","","ALL","1987","4.89"
"GBR","","ALL","1988","4.75"
"GBR","","ALL","1989","4.35"
"GBR","","ALL","1990","3.7"
"GBR","","ALL","1991","3.59"
"GBR","","ALL","1992","3.12"
"GBR","","ALL","1993","2.85"
"GBR","","ALL","1994","2.62"
"GBR","","ALL","1995","2.61"
"GBR","","ALL","1996","2.25"
"GBR","","ALL","1997","2.37"
"GBR","","ALL","1998","2.11"
"GBR","","ALL","1999","2.11"
"GBR","","ALL","2000","8.77"
"GBR","","ALL","2001","5.71"
"GBR","","ALL","2002","5.61"
"GBR","","ALL","2003","6.06"
"GBR","","ALL","2004","5.43"
"GBR","","ALL","2005","5.3"
"GBR","","ALL","2006","5.2"
"GBR","","ALL","2007","5.15"
"GBR","","ALL","2008","5.39"
"GBR","","ALL","2009","4.82"
"GBR","","ALL","2010","4.86"
"GBR","","ALL","2011","4.99"
"GBR","","ALL","2012","4.92"
"GBR","","ALL","2013","5.02"
"GBR","","ALL","2014","4.84"
"GBR","","ALL","2015","5.3"
"GBR","","ALL","2016","5.49"
"GBR","","ALL","2017","5.32"
"GBR","","ALL","2018","5.53"
"GBR","","ALL","2019","5.17"
"GBR","","ALL","2020","4.96"
"GEO","","ALL","1981","23.45"
"GEO","","ALL","1982","22.55"
"GEO","","ALL","1985","25.37"
"GEO","","ALL","1986","23.25"
"GEO","","ALL","1987","21.85"
"GEO","","ALL","1988","22.15"
"GEO","","ALL","1989","22.12"
"GEO","","ALL","1990","20.35"
"GEO","","ALL","1991","8.95"
"GEO","","ALL","1992","6.01"
"GEO","","ALL","1994","13.43"
"GEO","","ALL","1995","7.37"
"GEO","","ALL","1996","9.65"
"GEO","","ALL","1997","10.2"
"GEO","","ALL","1998","3.5"
"GEO","","ALL","1999","4.35"
"GEO","","ALL","2000","3.39"
"GEO","","ALL","2001","4.23"
"GEO","","ALL","2004","5.34"
"GEO","","ALL","2005","1.1"
"GEO","","ALL","2006","0.32"
"GEO","","ALL","2007","0.27"
"GEO","","ALL","2009","0.8"
"GEO","","ALL","2010","0.23"
"GEO","","ALL","2011","1.51"
"GEO","","ALL","2012","1.61"
"GEO","","ALL","2013","1.6"
"GEO","","ALL","2014","1.8"
"GEO","","ALL","2015","1.59"
"GEO","","ALL","2016","1.72"
"GEO","","ALL","2017","1.82"
"GEO","","ALL","2018","2.13"
"GEO","","ALL","2019","2.84"
"GEO","","ALL","2020","2.31"
"GEO","","ALL","2021","1.92"
"GRC","","ALL","1968","5.02"
"GRC","","ALL","1969","5.85"
"GRC","","ALL","1970","4.91"
"GRC","","ALL","1971","4.19"
"GRC","","ALL","1972","4.38"
"GRC","","ALL","1973","4.73"
"GRC","","ALL","1974","3.98"
"GRC","","ALL","1975","4.37"
"GRC","","ALL","1976","3.58"
"GRC","","ALL","1977","3.8"
"GRC","","ALL","1978","3.01"
"GRC","","ALL","1979","2.76"
"GRC","","ALL","1980","2.64"
"GRC","","ALL","1981","2.13"
"GRC","","ALL","1982","1.79"
"GRC","","ALL","1983","2.03"
"GRC","","ALL","1984","1.37"
"GRC","","ALL","1985","1.16"
"GRC","","ALL","1986","0.66"
"GRC","","ALL","1987","0.8"
"GRC","","ALL","1988","0.45"
"GRC","","ALL","1989","0.43"
"GRC","","ALL","1990","0.44"
"GRC","","ALL","1991","0.25"
"GRC","","ALL","1992","0.35"
"GRC","","ALL","1993","0.34"
"GRC","","ALL","1994","0.25"
"GRC","","ALL","1995","0.49"
"GRC","","ALL","1996","0.25"
"GRC","","ALL","1997","0.23"
"GRC","","ALL","1998","0.21"
"GRC","","ALL","1999","0.23"
"GRC","","ALL","2000","0.14"
"GRC","","ALL","2001","0.16"
"GRC","","ALL","2002","0.2"
"GRC","","ALL","2003","0.14"
"GRC","","ALL","2004","0.17"
"GRC","","ALL","2005","0.13"
"GRC","","ALL","2006","0.03"
"GRC","","ALL","2007","0.05"
"GRC","","ALL","2008","0.03"
"GRC","","ALL","2009","0.04"
"GRC","","ALL","2010","0.07"
"GRC","","ALL","2011","0.06"
"GRC","","ALL","2012","0.12"
"GRC","","ALL","2014","1.29"
"GRC","","ALL","2015","1.82"
"GRC","","ALL","2016","1.25"
"GRC","","ALL","2017","1.48"
"GRC","","ALL","2018","1.37"
"GRC","","ALL","2019","1.38"
"GRC","","ALL","2020","1.33"
"HRV","","ALL","1985","6.44"
"HRV","","ALL","1986","4.73"
"HRV","","ALL","1987","4.42"
"HRV","","ALL","1988","3.57"
"HRV","","ALL","1989","3.72"
"HRV","","ALL","1990","3.82"
"HRV","","ALL","1991","3.9"
"HRV","","ALL","1992","2.93"
"HRV","","ALL","1993","3.29"
"HRV","","ALL","1994","2.58"
"HRV","","ALL","1995","3.75"
"HRV","","ALL","1996","3.21"
"HRV","","ALL","1997","3.45"
"HRV","","ALL","1998","3.25"
"HRV","","ALL","1999","4.03"
"HRV","","ALL","2000","3.14"
"HRV","","ALL","2001","3.48"
"HRV","","ALL","2002","2.62"
"HRV","","ALL","2003","3.05"
"HRV","","ALL","2004","2.69"
"HRV","","ALL","2005","3.27"
"HRV","","ALL","2006","2.62"
"HRV","","ALL","2007","3.07"
"HRV","","ALL","2008","2.54"
"HRV","","ALL","2009","3.24"
"HRV","","ALL","2010","3.08"
"HRV","","ALL","2011","3.28"
"HRV","","ALL","2012","3.33"
"HRV","","ALL","2013","3.71"
"HRV","","ALL","2014","3.32"
"HRV","","ALL","2015","3.57"
"HRV","","ALL","2016","3.13"
"HRV","","ALL","2017","2.85"
"HRV","","ALL","2019","3.62"
"HRV","","ALL","2020","2.87"
"HRV","","ALL","2021","3.01"
"HUN","","ALL","1969","7.13"
"HUN","","ALL","1970","6.18"
"HUN","","ALL","1971","6.44"
"HUN","","ALL","1972","5.89"
"HUN","","ALL","1973","6.37"
"HUN","","ALL","1974","6.34"
"HUN","","ALL","1975","8.28"
"HUN","","ALL","1976","8.37"
"HUN","","ALL","1977","9.25"
"HUN","","ALL","1978","9.86"
"HUN","","ALL","1979","11.08"
"HUN","","ALL","1980","13.75"
"HUN","","ALL","1981","12.05"
"HUN","","ALL","1982","11.29"
"HUN","","ALL","1983","12.56"
"HUN","","ALL","1984","12.53"
"HUN","","ALL","1985","12.46"
"HUN","","ALL","1986","11.13"
"HUN","","ALL","1987","10.2"
"HUN","","ALL","1988","9.68"
"HUN","","ALL","1989","11.08"
"HUN","","ALL","1990","11.48"
"HUN","","ALL","1991","11.55"
"HUN","","ALL","1992","11.88"
"HUN","","ALL","1993","12.21"
"HUN","","ALL","1994","11.36"
"HUN","","ALL","1995","10.74"
"HUN","","ALL","1996","10.38"
"HUN","","ALL","1997","9.9"
"HUN","","ALL","1998","9"
"HUN","","ALL","1999","10.93"
"HUN","","ALL","2000","9.21"
"HUN","","ALL","2001","7.99"
"HUN","","ALL","2002","8.48"
"HUN","","ALL","2003","9.79"
"HUN","","ALL","2004","9.18"
"HUN","","ALL","2005","11.95"
"HUN","","ALL","2006","12.53"
"HUN","","ALL","2007","12.7"
"HUN","","ALL","2008","11.45"
"HUN","","ALL","2009","11.04"
"HUN","","ALL","2010","11.57"
"HUN","","ALL","2011","12"
"HUN","","ALL","2012","10.6"
"HUN","","ALL","2013","11.47"
"HUN","","ALL","2014","11.74"
"HUN","","ALL","2015","11.63"
"HUN","","ALL","2016","12.76"
"HUN","","ALL","2017","14.06"
"HUN","","ALL","2018","13.79"
"HUN","","ALL","2019","14.21"
"IRL","","ALL","1968","23.82"
"IRL","","ALL","1969","23.92"
"IRL","","ALL","1970","23.8"
"IRL","","ALL","1971","18.49"
"IRL","","ALL","1972","21.31"
"IRL","","ALL","1973","19.59"
"IRL","","ALL","1974","16.49"
"IRL","","ALL","1975","14.13"
"IRL","","ALL","1976","17.02"
"IRL","","ALL","1977","14.69"
"IRL","","ALL","1978","15.68"
"IRL","","ALL","1979","9.25"
"IRL","","ALL","1980","8.84"
"IRL","","ALL","1981","7.78"
"IRL","","ALL","1982","7.26"
"IRL","","ALL","1983","7.18"
"IRL","","ALL","1984","5.51"
"IRL","","ALL","1985","6.31"
"IRL","","ALL","1986","6.66"
"IRL","","ALL","1987","4.72"
"IRL","","ALL","1988","5.69"
"IRL","","ALL","1989","4.71"
"IRL","","ALL","1990","4.68"
"IRL","","ALL","1991","3.28"
"IRL","","ALL","1992","3.81"
"IRL","","ALL","1993","2.96"
"IRL","","ALL","1994","2.47"
"IRL","","ALL","1995","2.46"
"IRL","","ALL","1996","2.77"
"IRL","","ALL","1997","2.19"
"IRL","","ALL","1998","2.24"
"IRL","","ALL","1999","2.43"
"IRL","","ALL","2000","1.77"
"IRL","","ALL","2001","1.47"
"IRL","","ALL","2002","1.07"
"IRL","","ALL","2003","1.38"
"IRL","","ALL","2004","1.08"
"IRL","","ALL","2005","1.01"
"IRL","","ALL","2006","0.95"
"IRL","","ALL","2007","3.4"
"IRL","","ALL","2008","2.75"
"IRL","","ALL","2009","2.99"
"IRL","","ALL","2011","2.92"
"IRL","","ALL","2012","2.72"
"IRL","","ALL","2013","3.22"
"IRL","","ALL","2015","2.61"
"IRL","","ALL","2018","2.64"
"ISL","","ALL","1971","3.49"
"ISL","","ALL","1972","3.07"
"ISL","","ALL","1973","6.18"
"ISL","","ALL","1974","4.14"
"ISL","","ALL","1975","1.5"
"ISL","","ALL","1976","2.97"
"ISL","","ALL","1977","4.27"
"ISL","","ALL","1978","2.1"
"ISL","","ALL","1979","4.57"
"ISL","","ALL","1980","2.72"
"ISL","","ALL","1981","3.35"
"ISL","","ALL","1982","1.28"
"ISL","","ALL","1983","1.95"
"ISL","","ALL","1984","1.88"
"ISL","","ALL","1985","3.51"
"ISL","","ALL","1986","2.18"
"ISL","","ALL","1987","1.9"
"ISL","","ALL","1988","3.51"
"ISL","","ALL","1989","1.15"
"ISL","","ALL","1990","5.78"
"ISL","","ALL","1991","1.6"
"ISL","","ALL","1992","2.15"
"ISL","","ALL","1993","1.87"
"ISL","","ALL","1994","3.42"
"ISL","","ALL","1995","0"
"ISL","","ALL","1996","1.33"
"ISL","","ALL","1997","3.59"
"ISL","","ALL","1998","2.91"
"ISL","","ALL","1999","4.49"
"ISL","","ALL","2000","3.9"
"ISL","","ALL","2001","1.92"
"ISL","","ALL","2002","2.16"
"ISL","","ALL","2003","1.52"
"ISL","","ALL","2004","2.7"
"ISL","","ALL","2005","2.78"
"ISL","","ALL","2006","2.12"
"ISL","","ALL","2007","2"
"ISL","","ALL","2008","1.17"
"ISL","","ALL","2009","3.01"
"ISL","","ALL","2010","1.82"
"ISL","","ALL","2011","2.86"
"ISL","","ALL","2012","2.42"
"ISL","","ALL","2013","1.01"
"ISL","","ALL","2014","1.76"
"ISL","","ALL","2015","1.33"
"ISL","","ALL","2016","2.5"
"ISL","","ALL","2017","1.52"
"ISL","","ALL","2018","1.86"
"ISL","","ALL","2019","1.7"
"ISL","","ALL","2020","0.85"
"ISL","","ALL","2021","1.34"
"ISR","","ALL","1970","14.47"
"ISR","","ALL","1971","12.05"
"ISR","","ALL","1972","16.77"
"ISR","","ALL","1973","22.31"
"ISR","","ALL","1974","21.18"
"ISR","","ALL","1975","6.03"
"ISR","","ALL","1976","3.71"
"ISR","","ALL","1977","2.71"
"ISR","","ALL","1978","2.12"
"ISR","","ALL","1979","1.36"
"ISR","","ALL","1980","1.86"
"ISR","","ALL","1981","1.62"
"ISR","","ALL","1982","2.36"
"ISR","","ALL","1983","2.39"
"ISR","","ALL","1984","2"
"ISR","","ALL","1985","2.29"
"ISR","","ALL","1986","2.17"
"ISR","","ALL","1987","2.26"
"ISR","","ALL","1988","1.56"
"ISR","","ALL","1989","2.48"
"ISR","","ALL","1990","1.68"
"ISR","","ALL","1991","1.86"
"ISR","","ALL","1992","1.88"
"ISR","","ALL","1993","1.65"
"ISR","","ALL","1994","1.53"
"ISR","","ALL","1995","1.78"
"ISR","","ALL","1996","1.24"
"ISR","","ALL","1997","1.38"
"ISR","","ALL","1998","3.22"
"ISR","","ALL","1999","3.43"
"ISR","","ALL","2000","3.84"
"ISR","","ALL","2001","2.83"
"ISR","","ALL","2002","3.35"
"ISR","","ALL","2003","2.65"
"ISR","","ALL","2004","2.42"
"ISR","","ALL","2005","2.54"
"ISR","","ALL","2006","2.9"
"ISR","","ALL","2007","2.21"
"ISR","","ALL","2008","1.93"
"ISR","","ALL","2009","2.17"
"ISR","","ALL","2010","2.13"
"ISR","","ALL","2011","1.94"
"ISR","","ALL","2012","2.03"
"ISR","","ALL","2013","2.19"
"ISR","","ALL","2014","2.27"
"ISR","","ALL","2015","2.06"
"ISR","","ALL","2016","2.38"
"ISR","","ALL","2017","2.56"
"ISR","","ALL","2018","2.16"
"ISR","","ALL","2019","2.36"
"ISR","","ALL","2020","2.36"
"ISR","","ALL","2021","2.06"
"ITA","","ALL","1968","10.71"
"ITA","","ALL","1969","12.1"
"ITA","","ALL","1970","8.69"
"ITA","","ALL","1971","7.77"
"ITA","","ALL","1972","7.55"
"ITA","","ALL","1973","7.75"
"ITA","","ALL","1974","7.18"
"ITA","","ALL","1975","7.62"
"ITA","","ALL","1976","7.03"
"ITA","","ALL","1977","6.86"
"ITA","","ALL","1978","6.04"
"ITA","","ALL","1979","5.46"
"ITA","","ALL","1980","5.55"
"ITA","","ALL","1981","5.14"
"ITA","","ALL","1982","4.59"
"ITA","","ALL","1983","4.75"
"ITA","","ALL","1984","4.52"
"ITA","","ALL","1985","4.3"
"ITA","","ALL","1986","4.1"
"ITA","","ALL","1987","3.54"
"ITA","","ALL","1988","3.3"
"ITA","","ALL","1989","3.12"
"ITA","","ALL","1990","3.11"
"ITA","","ALL","1991","2.89"
"ITA","","ALL","1992","2.74"
"ITA","","ALL","1993","2.6"
"ITA","","ALL","1994","2.38"
"ITA","","ALL","1995","1.96"
"ITA","","ALL","1996","1.94"
"ITA","","ALL","1997","2.15"
"ITA","","ALL","1998","1.84"
"ITA","","ALL","1999","1.63"
"ITA","","ALL","2000","1.69"
"ITA","","ALL","2001","1.35"
"ITA","","ALL","2002","1.42"
"ITA","","ALL","2003","1.74"
"ITA","","ALL","2004","1.41"
"ITA","","ALL","2005","1.54"
"ITA","","ALL","2006","1.24"
"ITA","","ALL","2007","1.32"
"ITA","","ALL","2008","1.32"
"ITA","","ALL","2009","1.37"
"ITA","","ALL","2010","1.25"
"ITA","","ALL","2011","1.24"
"ITA","","ALL","2012","1.21"
"ITA","","ALL","2013","1.23"
"ITA","","ALL","2014","1.16"
"ITA","","ALL","2015","1.17"
"ITA","","ALL","2016","1.26"
"ITA","","ALL","2017","1.28"
"ITA","","ALL","2018","1.25"
"ITA","","ALL","2019","1.31"
"ITA","","ALL","2020","1.25"
"KAZ","","ALL","1981","25.36"
"KAZ","","ALL","1982","26.1"
"KAZ","","ALL","1985","33.15"
"KAZ","","ALL","1986","35.53"
"KAZ","","ALL","1987","40.84"
"KAZ","","ALL","1988","47.29"
"KAZ","","ALL","1989","48.92"
"KAZ","","ALL","1990","50.1"
"KAZ","","ALL","1991","16.87"
"KAZ","","ALL","1992","16.93"
"KAZ","","ALL","1993","20.5"
"KAZ","","ALL","1994","23.13"
"KAZ","","ALL","1995","26.58"
"KAZ","","ALL","1996","27.09"
"KAZ","","ALL","1997","23.13"
"KAZ","","ALL","1998","21.43"
"KAZ","","ALL","1999","4.3"
"KAZ","","ALL","2000","19.18"
"KAZ","","ALL","2001","15.92"
"KAZ","","ALL","2002","17.59"
"KAZ","","ALL","2003","17.41"
"KAZ","","ALL","2013","17.92"
"KAZ","","ALL","2014","19.05"
"KAZ","","ALL","2015","19.9"
"KAZ","","ALL","2016","21.09"
"KAZ","","ALL","2017","18.88"
"KAZ","","ALL","2018","18.12"
"KAZ","","ALL","2019","17.06"
"KAZ","","ALL","2020","15.94"
"KAZ","","ALL","2021","19.11"
"KGZ","","ALL","1981","28.06"
"KGZ","","ALL","1982","34.55"
"KGZ","","ALL","1985","45.9"
"KGZ","","ALL","1986","36.75"
"KGZ","","ALL","1987","41.76"
"KGZ","","ALL","1988","64.34"
"KGZ","","ALL","1989","66.43"
"KGZ","","ALL","1990","54.93"
"KGZ","","ALL","1991","53.74"
"KGZ","","ALL","1992","70.27"
"KGZ","","ALL","1993","81.58"
"KGZ","","ALL","1994","97.55"
"KGZ","","ALL","1995","92.56"
"KGZ","","ALL","1996","87.46"
"KGZ","","ALL","1997","85.77"
"KGZ","","ALL","1998","75.77"
"KGZ","","ALL","1999","57.03"
"KGZ","","ALL","2000","28.84"
"KGZ","","ALL","2001","24.92"
"KGZ","","ALL","2002","28.43"
"KGZ","","ALL","2003","31.35"
"KGZ","","ALL","2004","27.89"
"KGZ","","ALL","2005","23.74"
"KGZ","","ALL","2006","23.7"
"KGZ","","ALL","2007","19.15"
"KGZ","","ALL","2008","17.51"
"KGZ","","ALL","2009","14.11"
"KGZ","","ALL","2010","14.19"
"KGZ","","ALL","2011","11.08"
"KGZ","","ALL","2012","10.44"
"KGZ","","ALL","2013","9.03"
"KGZ","","ALL","2014","9.13"
"KGZ","","ALL","2015","7"
"KGZ","","ALL","2016","7.56"
"LTU","","ALL","1981","36.37"
"LTU","","ALL","1982","38.52"
"LTU","","ALL","1985","55.28"
"LTU","","ALL","1986","45.9"
"LTU","","ALL","1987","41.78"
"LTU","","ALL","1988","42.13"
"LTU","","ALL","1989","38.66"
"LTU","","ALL","1990","39.92"
"LTU","","ALL","1991","36.68"
"LTU","","ALL","1992","31.52"
"LTU","","ALL","1993","10.52"
"LTU","","ALL","1994","10.6"
"LTU","","ALL","1995","10.68"
"LTU","","ALL","1996","7.97"
"LTU","","ALL","1997","7.6"
"LTU","","ALL","1998","6.63"
"LTU","","ALL","1999","6.12"
"LTU","","ALL","2000","5.65"
"LTU","","ALL","2001","5.84"
"LTU","","ALL","2002","5.98"
"LTU","","ALL","2003","6.14"
"LTU","","ALL","2004","6.47"
"LTU","","ALL","2005","6.32"
"LTU","","ALL","2006","6.91"
"LTU","","ALL","2007","7.01"
"LTU","","ALL","2008","5.22"
"LTU","","ALL","2009","4.63"
"LTU","","ALL","2010","4.54"
"LTU","","ALL","2011","3.96"
"LTU","","ALL","2012","4.03"
"LTU","","ALL","2013","3.82"
"LTU","","ALL","2014","3.18"
"LTU","","ALL","2015","3.52"
"LTU","","ALL","2016","2.89"
"LTU","","ALL","2017","2.76"
"LTU","","ALL","2018","2.5"
"LTU","","ALL","2019","2.58"
"LTU","","ALL","2020","2.61"
"LTU","","ALL","2021","1.65"
"LTU","","ALL","2022","1.98"
"LUX","","ALL","1971","9.37"
"LUX","","ALL","1972","9.82"
"LUX","","ALL","1973","8.6"
"LUX","","ALL","1974","7.65"
"LUX","","ALL","1975","8.19"
"LUX","","ALL","1976","3.47"
"LUX","","ALL","1977","6.03"
"LUX","","ALL","1978","6.53"
"LUX","","ALL","1979","3.81"
"LUX","","ALL","1980","4.48"
"LUX","","ALL","1981","5.4"
"LUX","","ALL","1982","2.92"
"LUX","","ALL","1983","4.61"
"LUX","","ALL","1984","8.92"
"LUX","","ALL","1985","6.41"
"LUX","","ALL","1986","4.65"
"LUX","","ALL","1987","4.64"
"LUX","","ALL","1988","7.13"
"LUX","","ALL","1989","2.82"
"LUX","","ALL","1990","4.2"
"LUX","","ALL","1991","5.67"
"LUX","","ALL","1992","3.81"
"LUX","","ALL","1993","4.03"
"LUX","","ALL","1994","2.53"
"LUX","","ALL","1995","5.74"
"LUX","","ALL","1996","2.9"
"LUX","","ALL","1997","3.37"
"LUX","","ALL","1998","3.3"
"LUX","","ALL","1999","6.89"
"LUX","","ALL","2000","5.16"
"LUX","","ALL","2001","3.86"
"LUX","","ALL","2002","6.09"
"LUX","","ALL","2003","4.17"
"LUX","","ALL","2004","4.5"
"LUX","","ALL","2005","4.88"
"LUX","","ALL","2006","5.37"
"LUX","","ALL","2007","4.88"
"LUX","","ALL","2008","2.59"
"LUX","","ALL","2009","5.23"
"LUX","","ALL","2010","1.74"
"LUX","","ALL","2011","3.92"
"LUX","","ALL","2012","2.24"
"LUX","","ALL","2013","2.21"
"LUX","","ALL","2014","3.85"
"LUX","","ALL","2015","2.25"
"LUX","","ALL","2016","2.9"
"LUX","","ALL","2017","2.27"
"LUX","","ALL","2018","2.22"
"LUX","","ALL","2019","3.8"
"LUX","","ALL","2020","2.71"
"LUX","","ALL","2021","3.9"
"LUX","","ALL","2022","2.3"
"LVA","","ALL","1980","11.21"
"LVA","","ALL","1981","13.63"
"LVA","","ALL","1982","13.29"
"LVA","","ALL","1983","15.39"
"LVA","","ALL","1984","17.84"
"LVA","","ALL","1985","19.57"
"LVA","","ALL","1986","14.78"
"LVA","","ALL","1987","18.32"
"LVA","","ALL","1988","18.05"
"LVA","","ALL","1989","19.93"
"LVA","","ALL","1990","22.68"
"LVA","","ALL","1991","19.37"
"LVA","","ALL","1992","16.3"
"LVA","","ALL","1993","16.35"
"LVA","","ALL","1994","19.27"
"LVA","","ALL","1995","17.3"
"LVA","","ALL","1996","3.97"
"LVA","","ALL","1997","4.46"
"LVA","","ALL","1998","4.73"
"LVA","","ALL","1999","4.41"
"LVA","","ALL","2000","3.67"
"LVA","","ALL","2001","3.48"
"LVA","","ALL","2002","2.9"
"LVA","","ALL","2003","3.75"
"LVA","","ALL","2004","2.82"
"LVA","","ALL","2005","4.28"
"LVA","","ALL","2006","4"
"LVA","","ALL","2007","4.34"
"LVA","","ALL","2008","3.84"
"LVA","","ALL","2009","3.65"
"LVA","","ALL","2010","2.83"
"LVA","","ALL","2011","3.83"
"LVA","","ALL","2012","3.7"
"LVA","","ALL","2013","3.06"
"LVA","","ALL","2014","3.13"
"LVA","","ALL","2015","2.61"
"LVA","","ALL","2016","3.71"
"LVA","","ALL","2017","3.41"
"LVA","","ALL","2018","3.15"
"LVA","","ALL","2019","2.71"
"LVA","","ALL","2020","2.18"
"LVA","","ALL","2021","3.33"
"MDA","","ALL","1981","20.1"
"MDA","","ALL","1982","24.2"
"MDA","","ALL","1985","52.53"
"MDA","","ALL","1986","32.03"
"MDA","","ALL","1987","29.65"
"MDA","","ALL","1988","42.75"
"MDA","","ALL","1989","49.24"
"MDA","","ALL","1990","49.04"
"MDA","","ALL","1991","18.62"
"MDA","","ALL","1992","16.13"
"MDA","","ALL","1993","15.45"
"MDA","","ALL","1994","18.75"
"MDA","","ALL","1995","18.62"
"MDA","","ALL","1996","16.3"
"MDA","","ALL","1997","16.03"
"MDA","","ALL","1998","14.57"
"MDA","","ALL","1999","15.94"
"MDA","","ALL","2000","15.31"
"MDA","","ALL","2001","12.96"
"MDA","","ALL","2002","13.25"
"MDA","","ALL","2003","13.36"
"MDA","","ALL","2004","10.34"
"MDA","","ALL","2005","11.31"
"MDA","","ALL","2006","9.33"
"MDA","","ALL","2007","8.19"
"MDA","","ALL","2008","7.72"
"MDA","","ALL","2009","7.63"
"MDA","","ALL","2010","9.39"
"MDA","","ALL","2011","6.3"
"MDA","","ALL","2012","5.76"
"MDA","","ALL","2013","5.41"
"MDA","","ALL","2014","4.81"
"MDA","","ALL","2015","4.47"
"MDA","","ALL","2016","3.96"
"MDA","","ALL","2017","4.13"
"MDA","","ALL","2018","3.59"
"MKD","","ALL","1991","6.17"
"MKD","","ALL","1992","7.31"
"MKD","","ALL","1993","4.88"
"MKD","","ALL","1994","5.43"
"MKD","","ALL","1995","4.68"
"MKD","","ALL","1996","4.26"
"MKD","","ALL","1997","4.28"
"MKD","","ALL","1998","3.03"
"MKD","","ALL","1999","3.42"
"MKD","","ALL","2000","2.85"
"MKD","","ALL","2001","3.17"
"MKD","","ALL","2002","3.12"
"MKD","","ALL","2003","4.61"
"MKD","","ALL","2004","3.55"
"MKD","","ALL","2005","3.55"
"MKD","","ALL","2006","3.5"
"MKD","","ALL","2007","3.09"
"MKD","","ALL","2008","3.13"
"MKD","","ALL","2009","2.69"
"MKD","","ALL","2010","3.35"
"MKD","","ALL","2011","3.8"
"MKD","","ALL","2012","4.41"
"MKD","","ALL","2013","3.58"
"MKD","","ALL","2015","3.82"
"MKD","","ALL","2016","5.34"
"MKD","","ALL","2017","5.07"
"MKD","","ALL","2018","4.36"
"MKD","","ALL","2019","6.13"
"MKD","","ALL","2020","5.79"
"MKD","","ALL","2021","4.89"
"MLT","","ALL","1968","15.69"
"MLT","","ALL","1969","14.92"
"MLT","","ALL","1970","12.13"
"MLT","","ALL","1971","13.38"
"MLT","","ALL","1972","10.91"
"MLT","","ALL","1973","13.24"
"MLT","","ALL","1974","6.93"
"MLT","","ALL","1975","9.2"
"MLT","","ALL","1976","11.93"
"MLT","","ALL","1977","5.02"
"MLT","","ALL","1978","5.3"
"MLT","","ALL","1979","2.94"
"MLT","","ALL","1980","2.53"
"MLT","","ALL","1981","3.99"
"MLT","","ALL","1982","4.93"
"MLT","","ALL","1983","4.43"
"MLT","","ALL","1984","4.65"
"MLT","","ALL","1985","2.3"
"MLT","","ALL","1986","0.65"
"MLT","","ALL","1987","0.6"
"MLT","","ALL","1988","0.32"
"MLT","","ALL","1989","4.31"
"MLT","","ALL","1990","1.5"
"MLT","","ALL","1991","0.66"
"MLT","","ALL","1992","2.14"
"MLT","","ALL","1993","1.27"
"MLT","","ALL","1994","1.34"
"MLT","","ALL","1995","3.03"
"MLT","","ALL","1996","3.76"
"MLT","","ALL","1997","3.73"
"MLT","","ALL","1998","2.97"
"MLT","","ALL","1999","4.36"
"MLT","","ALL","2000","5.12"
"MLT","","ALL","2001","1.43"
"MLT","","ALL","2002","1.83"
"MLT","","ALL","2003","0.79"
"MLT","","ALL","2004","2.29"
"MLT","","ALL","2005","2.99"
"MLT","","ALL","2006","2.49"
"MLT","","ALL","2007","2.69"
"MLT","","ALL","2008","2.46"
"MLT","","ALL","2009","0.6"
"MLT","","ALL","2010","1.51"
"MLT","","ALL","2011","1.06"
"MLT","","ALL","2012","2.18"
"MLT","","ALL","2013","1.75"
"MLT","","ALL","2014","1.79"
"MLT","","ALL","2015","1.14"
"MLT","","ALL","2016","1.2"
"MLT","","ALL","2017","1.34"
"MNE","","ALL","2000","0.43"
"MNE","","ALL","2001","0.18"
"MNE","","ALL","2002","0"
"MNE","","ALL","2003","0"
"MNE","","ALL","2004","0"
"MNE","","ALL","2005","0.43"
"MNE","","ALL","2006","0.23"
"MNE","","ALL","2007","0.18"
"MNE","","ALL","2008","0.33"
"MNE","","ALL","2009","0"
"MNE","","ALL","2017","3.7"
"MNE","","ALL","2019","5.43"
"NLD","","ALL","1969","8.18"
"NLD","","ALL","1970","7.48"
"NLD","","ALL","1971","7.33"
"NLD","","ALL","1972","6.64"
"NLD","","ALL","1973","6.03"
"NLD","","ALL","1974","6.51"
"NLD","","ALL","1975","6.38"
"NLD","","ALL","1976","5.44"
"NLD","","ALL","1977","5.86"
"NLD","","ALL","1978","5.6"
"NLD","","ALL","1979","4.16"
"NLD","","ALL","1980","3.95"
"NLD","","ALL","1981","3.58"
"NLD","","ALL","1982","3.28"
"NLD","","ALL","1983","3.52"
"NLD","","ALL","1984","3.48"
"NLD","","ALL","1985","3.55"
"NLD","","ALL","1986","3.67"
"NLD","","ALL","1987","3.21"
"NLD","","ALL","1988","3.13"
"NLD","","ALL","1989","3.27"
"NLD","","ALL","1990","2.67"
"NLD","","ALL","1991","2.93"
"NLD","","ALL","1992","2.49"
"NLD","","ALL","1993","2.6"
"NLD","","ALL","1994","2.07"
"NLD","","ALL","1995","1.64"
"NLD","","ALL","1996","3.76"
"NLD","","ALL","1997","3.98"
"NLD","","ALL","1998","4.13"
"NLD","","ALL","1999","3.88"
"NLD","","ALL","2000","4.13"
"NLD","","ALL","2001","4.03"
"NLD","","ALL","2002","3.46"
"NLD","","ALL","2003","3.67"
"NLD","","ALL","2004","3.32"
"NLD","","ALL","2005","3.44"
"NLD","","ALL","2006","3.41"
"NLD","","ALL","2007","3.68"
"NLD","","ALL","2008","3.56"
"NLD","","ALL","2009","3.24"
"NLD","","ALL","2010","3.18"
"NLD","","ALL","2011","3.87"
"NLD","","ALL","2012","3.95"
"NLD","","ALL","2013","3.93"
"NLD","","ALL","2014","3.58"
"NLD","","ALL","2015","4.05"
"NLD","","ALL","2016","3.97"
"NLD","","ALL","2017","4.1"
"NLD","","ALL","2018","4.15"
"NLD","","ALL","2019","3.91"
"NLD","","ALL","2020","2.98"
"NLD","","ALL","2021","3.24"
"NLD","","ALL","2022","3.73"
"NOR","","ALL","1969","4.18"
"NOR","","ALL","1970","3.9"
"NOR","","ALL","1971","3.71"
"NOR","","ALL","1972","4.11"
"NOR","","ALL","1973","4.25"
"NOR","","ALL","1974","4.23"
"NOR","","ALL","1975","3.89"
"NOR","","ALL","1976","4.26"
"NOR","","ALL","1977","3.92"
"NOR","","ALL","1978","4.31"
"NOR","","ALL","1979","4.96"
"NOR","","ALL","1980","5.14"
"NOR","","ALL","1981","5.1"
"NOR","","ALL","1982","4.48"
"NOR","","ALL","1983","5.87"
"NOR","","ALL","1984","5.37"
"NOR","","ALL","1985","5.51"
"NOR","","ALL","1986","4.27"
"NOR","","ALL","1987","3.52"
"NOR","","ALL","1988","3.93"
"NOR","","ALL","1989","3.73"
"NOR","","ALL","1990","3.45"
"NOR","","ALL","1991","2.73"
"NOR","","ALL","1992","3.69"
"NOR","","ALL","1993","3.42"
"NOR","","ALL","1994","2.62"
"NOR","","ALL","1995","3.05"
"NOR","","ALL","1996","5.45"
"NOR","","ALL","1997","3.83"
"NOR","","ALL","1998","5.12"
"NOR","","ALL","1999","4.59"
"NOR","","ALL","2000","4.51"
"NOR","","ALL","2001","4.22"
"NOR","","ALL","2002","4.49"
"NOR","","ALL","2003","4.47"
"NOR","","ALL","2004","4.33"
"NOR","","ALL","2005","3.39"
"NOR","","ALL","2006","4.23"
"NOR","","ALL","2007","4.26"
"NOR","","ALL","2008","4.55"
"NOR","","ALL","2009","4.44"
"NOR","","ALL","2010","3.62"
"NOR","","ALL","2011","4.21"
"NOR","","ALL","2012","3.71"
"NOR","","ALL","2013","3.61"
"NOR","","ALL","2014","3.21"
"NOR","","ALL","2015","3.32"
"NOR","","ALL","2016","3.63"
"","NORDIC","ALL","1969","6.52"
"","NORDIC","ALL","1970","5.68"
"","NORDIC","ALL","1971","5.87"
"","NORDIC","ALL","1972","5.58"
"","NORDIC","ALL","1973","5.88"
"","NORDIC","ALL","1974","5.66"
"","NORDIC","ALL","1975","5.32"
"","NORDIC","ALL","1976","5.85"
"","NORDIC","ALL","1977","5.51"
"","NORDIC","ALL","1978","5.37"
"","NORDIC","ALL","1979","5.91"
"","NORDIC","ALL","1980","6.47"
"","NORDIC","ALL","1981","6.03"
"","NORDIC","ALL","1982","5.81"
"","NORDIC","ALL","1983","6.37"
"","NORDIC","ALL","1984","5.65"
"","NORDIC","ALL","1985","6.33"
"","NORDIC","ALL","1986","5.96"
"","NORDIC","ALL","1987","5.51"
"","NORDIC","ALL","1988","5.23"
"","NORDIC","ALL","1989","5.18"
"","NORDIC","ALL","1990","4.99"
"","NORDIC","ALL","1991","4.74"
"","NORDIC","ALL","1992","4.37"
"","NORDIC","ALL","1993","4.07"
"","NORDIC","ALL","1994","4.03"
"","NORDIC","ALL","1995","4.04"
"","NORDIC","ALL","1996","4.42"
"","NORDIC","ALL","1997","4.36"
"","NORDIC","ALL","1998","4.73"
"","NORDIC","ALL","1999","4.8"
"","NORDIC","ALL","2000","4.27"
"","NORDIC","ALL","2001","4.11"
"","NORDIC","ALL","2002","3.98"
"","NORDIC","ALL","2003","3.95"
"","NORDIC","ALL","2004","3.51"
"","NORDIC","ALL","2005","3.45"
"","NORDIC","ALL","2006","3.51"
"","NORDIC","ALL","2007","3.55"
"","NORDIC","ALL","2008","3.39"
"","NORDIC","ALL","2009","3.71"
"","NORDIC","ALL","2010","3.25"
"","NORDIC","ALL","2011","3.58"
"","NORDIC","ALL","2012","3.23"
"","NORDIC","ALL","2013","3.25"
"","NORDIC","ALL","2014","2.94"
"","NORDIC","ALL","2015","3.11"
"","NORDIC","ALL","2016","3.22"
"","NORDIC","ALL","2017","3.07"
"","NORDIC","ALL","2018","3.12"
"","NORDIC","ALL","2019","2.92"
"","NORDIC","ALL","2020","2.66"
"","NORDIC","ALL","2021","2.43"
"POL","","ALL","1969","7.09"
"POL","","ALL","1970","9.85"
"POL","","ALL","1971","9.77"
"POL","","ALL","1972","7.43"
"POL","","ALL","1973","7.95"
"POL","","ALL","1974","6.64"
"POL","","ALL","1975","7.13"
"POL","","ALL","1976","6.76"
"POL","","ALL","1977","7.67"
"POL","","ALL","1978","8.95"
"POL","","ALL","1979","7.64"
"POL","","ALL","1980","8.29"
"POL","","ALL","1981","8.03"
"POL","","ALL","1982","8.06"
"POL","","ALL","1983","8.88"
"POL","","ALL","1984","9.48"
"POL","","ALL","1985","10.48"
"POL","","ALL","1986","9.5"
"POL","","ALL","1987","8.53"
"POL","","ALL","1988","7.64"
"POL","","ALL","1989","8.08"
"POL","","ALL","1990","7.03"
"POL","","ALL","1991","6.97"
"POL","","ALL","1992","5.66"
"POL","","ALL","1993","5.72"
"POL","","ALL","1994","4.86"
"POL","","ALL","1995","4.56"
"POL","","ALL","1996","4.59"
"POL","","ALL","1999","4.68"
"POL","","ALL","2000","4.75"
"POL","","ALL","2001","3.68"
"POL","","ALL","2002","3.59"
"POL","","ALL","2003","3.77"
"POL","","ALL","2004","3.71"
"POL","","ALL","2005","3.8"
"POL","","ALL","2006","3.52"
"POL","","ALL","2007","4.2"
"POL","","ALL","2008","3.83"
"POL","","ALL","2009","3.8"
"POL","","ALL","2010","3.07"
"POL","","ALL","2011","3.21"
"POL","","ALL","2012","2.83"
"POL","","ALL","2013","3.06"
"POL","","ALL","2014","2.37"
"POL","","ALL","2015","2.74"
"POL","","ALL","2016","2.48"
"POL","","ALL","2017","2.63"
"POL","","ALL","2018","2.65"
"POL","","ALL","2019","2.31"
"POL","","ALL","2020","2.16"
"POL","","ALL","2021","1.81"
"PRT","","ALL","1971","13.48"
"PRT","","ALL","1972","11.1"
"PRT","","ALL","1973","11.91"
"PRT","","ALL","1974","11.57"
"PRT","","ALL","1975","11.25"
"PRT","","ALL","1976","10.9"
"PRT","","ALL","1977","9.89"
"PRT","","ALL","1978","9.57"
"PRT","","ALL","1979","8.23"
"PRT","","ALL","1980","7.42"
"PRT","","ALL","1981","6.98"
"PRT","","ALL","1982","6.3"
"PRT","","ALL","1983","6.17"
"PRT","","ALL","1984","5.56"
"PRT","","ALL","1985","5.47"
"PRT","","ALL","1986","4.08"
"PRT","","ALL","1987","3.42"
"PRT","","ALL","1988","3.17"
"PRT","","ALL","1989","2.95"
"PRT","","ALL","1990","3.09"
"PRT","","ALL","1991","2.59"
"PRT","","ALL","1992","2.19"
"PRT","","ALL","1993","2.05"
"PRT","","ALL","1994","1.81"
"PRT","","ALL","1995","1.6"
"PRT","","ALL","1996","1.8"
"PRT","","ALL","1997","1.69"
"PRT","","ALL","1998","1.22"
"PRT","","ALL","1999","1.05"
"PRT","","ALL","2000","0.96"
"PRT","","ALL","2001","1.03"
"PRT","","ALL","2002","3.26"
"PRT","","ALL","2003","2.77"
"PRT","","ALL","2007","1.78"
"PRT","","ALL","2008","1.69"
"PRT","","ALL","2009","1.61"
"PRT","","ALL","2010","1.66"
"PRT","","ALL","2011","1.83"
"PRT","","ALL","2012","1.4"
"PRT","","ALL","2013","1.43"
"PRT","","ALL","2014","1.6"
"PRT","","ALL","2015","1.41"
"PRT","","ALL","2016","1.91"
"PRT","","ALL","2017","1.51"
"PRT","","ALL","2018","1.89"
"ROU","","ALL","1969","17.96"
"ROU","","ALL","1970","14.18"
"ROU","","ALL","1971","14.41"
"ROU","","ALL","1972","12.5"
"ROU","","ALL","1973","15.1"
"ROU","","ALL","1974","13.55"
"ROU","","ALL","1975","13.34"
"ROU","","ALL","1976","12.87"
"ROU","","ALL","1977","12.82"
"ROU","","ALL","1978","12.88"
"ROU","","ALL","1980","9.05"
"ROU","","ALL","1981","8.1"
"ROU","","ALL","1982","7.81"
"ROU","","ALL","1983","7.76"
"ROU","","ALL","1984","6.65"
"ROU","","ALL","1985","6.96"
"ROU","","ALL","1986","5.97"
"ROU","","ALL","1987","5.49"
"ROU","","ALL","1988","5.23"
"ROU","","ALL","1989","4.58"
"ROU","","ALL","1990","4.5"
"ROU","","ALL","1991","4.62"
"ROU","","ALL","1992","4.41"
"ROU","","ALL","1993","3.08"
"ROU","","ALL","1994","2.87"
"ROU","","ALL","1995","2.53"
"ROU","","ALL","1996","2.73"
"ROU","","ALL","1997","2.14"
"ROU","","ALL","1998","1.74"
"ROU","","ALL","1999","7.02"
"ROU","","ALL","2000","6.27"
"ROU","","ALL","2001","6.16"
"ROU","","ALL","2002","6.61"
"ROU","","ALL","2003","6.33"
"ROU","","ALL","2004","5.9"
"ROU","","ALL","2005","5.63"
"ROU","","ALL","2006","5.08"
"ROU","","ALL","2007","5.18"
"ROU","","ALL","2008","5.49"
"ROU","","ALL","2009","5.99"
"ROU","","ALL","2010","5.29"
"ROU","","ALL","2011","5.24"
"ROU","","ALL","2012","5.08"
"ROU","","ALL","2013","4.89"
"ROU","","ALL","2014","5.7"
"ROU","","ALL","2015","6.01"
"ROU","","ALL","2016","6.05"
"ROU","","ALL","2017","6.07"
"ROU","","ALL","2018","5.97"
"ROU","","ALL","2019","5.79"
"RUS","","ALL","1980","24.21"
"RUS","","ALL","1981","25.11"
"RUS","","ALL","1982","23.49"
"RUS","","ALL","1983","24.13"
"RUS","","ALL","1984","28.19"
"RUS","","ALL","1985","31.25"
"RUS","","ALL","1986","28.02"
"RUS","","ALL","1987","29.06"
"RUS","","ALL","1988","32.11"
"RUS","","ALL","1989","32.61"
"RUS","","ALL","1990","35.13"
"RUS","","ALL","1991","32.48"
"RUS","","ALL","1992","32.8"
"RUS","","ALL","1993","39.16"
"RUS","","ALL","1994","40.98"
"RUS","","ALL","1995","36.08"
"RUS","","ALL","1996","34.35"
"RUS","","ALL","1997","33.71"
"RUS","","ALL","1998","29.94"
"","SEEHN","ALL","1985","9.59"
"","SEEHN","ALL","1986","7.47"
"","SEEHN","ALL","1987","6.93"
"","SEEHN","ALL","1988","7.55"
"","SEEHN","ALL","1989","7.97"
"","SEEHN","ALL","1990","7.62"
"","SEEHN","ALL","1991","5.51"
"","SEEHN","ALL","1992","5.28"
"","SEEHN","ALL","1993","4.59"
"","SEEHN","ALL","1994","4.64"
"","SEEHN","ALL","1995","4.36"
"","SEEHN","ALL","1996","4.15"
"","SEEHN","ALL","1997","3.76"
"","SEEHN","ALL","1998","3.6"
"","SEEHN","ALL","1999","5.75"
"","SEEHN","ALL","2000","5.47"
"","SEEHN","ALL","2001","4.87"
"","SEEHN","ALL","2002","5.07"
"","SEEHN","ALL","2003","4.99"
"","SEEHN","ALL","2004","4.54"
"","SEEHN","ALL","2005","5.06"
"","SEEHN","ALL","2006","4.49"
"","SEEHN","ALL","2007","4.4"
"","SEEHN","ALL","2008","4.41"
"","SEEHN","ALL","2009","4.53"
"","SEEHN","ALL","2010","4.29"
"","SEEHN","ALL","2011","4.01"
"","SEEHN","ALL","2012","3.98"
"","SEEHN","ALL","2013","3.88"
"","SEEHN","ALL","2014","4.21"
"","SEEHN","ALL","2015","4.28"
"","SEEHN","ALL","2016","4.3"
"","SEEHN","ALL","2017","4.35"
"","SEEHN","ALL","2018","4.12"
"","SEEHN","ALL","2019","4.22"
"","SEEHN","ALL","2021","3.88"
"","SMALL","ALL","1997","2.25"
"","SMALL","ALL","2000","2.84"
"","SMALL","ALL","2001","1.73"
"","SMALL","ALL","2002","2.18"
"","SMALL","ALL","2003","1.59"
"","SMALL","ALL","2004","2.02"
"","SMALL","ALL","2005","2.16"
"","SMALL","ALL","2006","1.85"
"","SMALL","ALL","2007","1.68"
"","SMALL","ALL","2008","1.33"
"","SMALL","ALL","2009","1.74"
"","SMALL","ALL","2010","1.15"
"","SMALL","ALL","2011","1.55"
"","SMALL","ALL","2012","1.54"
"","SMALL","ALL","2013","1.56"
"","SMALL","ALL","2014","1.9"
"","SMALL","ALL","2015","1.7"
"","SMALL","ALL","2016","2.14"
"","SMALL","ALL","2017","1.86"
"","SMALL","ALL","2019","2.7"
"SMR","","ALL","1997","4.16"
"SMR","","ALL","2005","0"
"SRB","","ALL","1998","6.42"
"SRB","","ALL","1999","7.04"
"SRB","","ALL","2000","6.69"
"SRB","","ALL","2001","4.99"
"SRB","","ALL","2002","4.86"
"SRB","","ALL","2003","5.45"
"SRB","","ALL","2004","5.36"
"SRB","","ALL","2005","5.76"
"SRB","","ALL","2006","4.34"
"SRB","","ALL","2007","4.93"
"SRB","","ALL","2008","5"
"SRB","","ALL","2009","5.04"
"SRB","","ALL","2010","4.9"
"SRB","","ALL","2011","5.04"
"SRB","","ALL","2012","4.76"
"SRB","","ALL","2013","4.72"
"SRB","","ALL","2014","5.38"
"SRB","","ALL","2015","5.54"
"SRB","","ALL","2016","5.52"
"SRB","","ALL","2017","5.81"
"SRB","","ALL","2018","5.3"
"SRB","","ALL","2019","5.63"
"SRB","","ALL","2020","5.3"
"SRB","","ALL","2021","4.26"
"SRB","","ALL","2022","4.42"
"SVK","","ALL","1986","31.97"
"SVK","","ALL","1987","32.91"
"SVK","","ALL","1988","27.03"
"SVK","","ALL","1989","26.11"
"SVK","","ALL","1990","12.11"
"SVK","","ALL","1991","14.57"
"SVK","","ALL","1992","3.83"
"SVK","","ALL","1993","3.45"
"SVK","","ALL","1994","1.73"
"SVK","","ALL","1995","3.03"
"SVK","","ALL","1996","2.09"
"SVK","","ALL","1997","1.65"
"SVK","","ALL","1998","3.72"
"SVK","","ALL","1999","4.05"
"SVK","","ALL","2000","3.89"
"SVK","","ALL","2001","3.23"
"SVK","","ALL","2002","3.48"
"SVK","","ALL","2003","3.56"
"SVK","","ALL","2004","3.6"
"SVK","","ALL","2005","3.46"
"SVK","","ALL","2006","3.2"
"SVK","","ALL","2007","3.4"
"SVK","","ALL","2008","3.06"
"SVK","","ALL","2009","3.42"
"SVK","","ALL","2010","3.57"
"SVK","","ALL","2012","4.4"
"SVK","","ALL","2013","3.88"
"SVK","","ALL","2014","3.36"
"SVK","","ALL","2016","3.32"
"SVK","","ALL","2017","3.5"
"SVK","","ALL","2018","3.76"
"SVK","","ALL","2019","3.18"
"SVK","","ALL","2020","3.12"
"SVK","","ALL","2021","2.93"
"SVN","","ALL","1985","5.99"
"SVN","","ALL","1986","5.31"
"SVN","","ALL","1987","4.7"
"SVN","","ALL","1988","4.03"
"SVN","","ALL","1989","4.64"
"SVN","","ALL","1990","6.44"
"SVN","","ALL","1991","3.41"
"SVN","","ALL","1992","3.8"
"SVN","","ALL","1993","4.17"
"SVN","","ALL","1994","2.05"
"SVN","","ALL","1995","2.15"
"SVN","","ALL","1996","2.07"
"SVN","","ALL","1997","3.65"
"SVN","","ALL","1998","4.28"
"SVN","","ALL","1999","3.77"
"SVN","","ALL","2000","4.32"
"SVN","","ALL","2001","2.97"
"SVN","","ALL","2002","3.27"
"SVN","","ALL","2003","2.35"
"SVN","","ALL","2004","2.4"
"SVN","","ALL","2005","2.79"
"SVN","","ALL","2006","1.71"
"SVN","","ALL","2007","1.66"
"SVN","","ALL","2008","2.05"
"SVN","","ALL","2009","1.5"
"SVN","","ALL","2010","1.94"
"SVN","","ALL","2011","2.01"
"SVN","","ALL","2012","1.7"
"SVN","","ALL","2013","1.36"
"SVN","","ALL","2014","1.15"
"SVN","","ALL","2015","1.61"
"SVN","","ALL","2016","1.52"
"SVN","","ALL","2017","1.5"
"SVN","","ALL","2018","1.1"
"SVN","","ALL","2019","1.8"
"SVN","","ALL","2020","0.9"
"SWE","","ALL","1969","3.63"
"SWE","","ALL","1970","3.07"
"SWE","","ALL","1971","3.94"
"SWE","","ALL","1972","3.77"
"SWE","","ALL","1973","4.21"
"SWE","","ALL","1974","3.57"
"SWE","","ALL","1975","3.77"
"SWE","","ALL","1976","4.05"
"SWE","","ALL","1977","4.22"
"SWE","","ALL","1978","4.02"
"SWE","","ALL","1979","4.84"
"SWE","","ALL","1980","5.59"
"SWE","","ALL","1981","4.71"
"SWE","","ALL","1982","4.82"
"SWE","","ALL","1983","4.54"
"SWE","","ALL","1984","3.81"
"SWE","","ALL","1985","4.34"
"SWE","","ALL","1986","4.12"
"SWE","","ALL","1987","3.66"
"SWE","","ALL","1988","3.49"
"SWE","","ALL","1989","2.94"
"SWE","","ALL","1990","3.04"
"SWE","","ALL","1991","3.26"
"SWE","","ALL","1992","2.33"
"SWE","","ALL","1993","2.29"
"SWE","","ALL","1994","2.34"
"SWE","","ALL","1995","1.82"
"SWE","","ALL","1996","1.88"
"SWE","","ALL","1997","2.8"
"SWE","","ALL","1998","2.67"
"SWE","","ALL","1999","3.12"
"SWE","","ALL","2000","2.62"
"SWE","","ALL","2001","2.58"
"SWE","","ALL","2002","2.8"
"SWE","","ALL","2003","2.52"
"SWE","","ALL","2004","2.43"
"SWE","","ALL","2005","2.54"
"SWE","","ALL","2006","2.19"
"SWE","","ALL","2007","2.38"
"SWE","","ALL","2008","2.28"
"SWE","","ALL","2009","2.15"
"SWE","","ALL","2010","2.11"
"SWE","","ALL","2011","2.2"
"SWE","","ALL","2012","1.99"
"SWE","","ALL","2013","2.07"
"SWE","","ALL","2014","1.73"
"SWE","","ALL","2015","1.85"
"SWE","","ALL","2016","1.91"
"SWE","","ALL","2017","1.76"
"SWE","","ALL","2018","1.85"
"SWE","","ALL","2019","1.53"
"SWE","","ALL","2020","1.45"
"SWE","","ALL","2021","1.12"
"SWE","","ALL","2022","1.25"
"TJK","","ALL","1981","14.97"
"TJK","","ALL","1982","17.17"
"TJK","","ALL","1985","29.24"
"TJK","","ALL","1986","31.39"
"TJK","","ALL","1987","31.13"
"TJK","","ALL","1988","30.47"
"TJK","","ALL","1989","24.49"
"TJK","","ALL","1990","25.73"
"TJK","","ALL","1991","32.08"
"TJK","","ALL","1992","38.84"
"TJK","","ALL","1993","44.7"
"TJK","","ALL","1994","48.17"
"TJK","","ALL","1995","35.59"
"TJK","","ALL","1996","32.89"
"TJK","","ALL","1997","26.58"
"TJK","","ALL","1998","30.68"
"TJK","","ALL","1999","26.31"
"TJK","","ALL","2000","33.92"
"TJK","","ALL","2001","33.24"
"TJK","","ALL","2002","35.12"
"TJK","","ALL","2003","35.83"
"TJK","","ALL","2004","30.74"
"TJK","","ALL","2005","26.78"
"TJK","","ALL","2017","4.8"
"TKM","","ALL","1981","63.92"
"TKM","","ALL","1982","50.4"
"TKM","","ALL","1985","56.78"
"TKM","","ALL","1986","54.35"
"TKM","","ALL","1987","49.16"
"TKM","","ALL","1988","48.81"
"TKM","","ALL","1989","40.68"
"TKM","","ALL","1990","43.62"
"TKM","","ALL","1991","13.83"
"TKM","","ALL","1992","11.17"
"TKM","","ALL","1993","14.4"
"TKM","","ALL","1994","52.98"
"TKM","","ALL","1995","42.1"
"TKM","","ALL","1996","43.12"
"TKM","","ALL","1997","32.45"
"TKM","","ALL","1998","27.95"
"TUR","","ALL","2009","6.79"
"TUR","","ALL","2010","5.6"
"TUR","","ALL","2011","6.98"
"TUR","","ALL","2012","5.96"
"TUR","","ALL","2013","6.83"
"TUR","","ALL","2014","6.53"
"TUR","","ALL","2015","6.53"
"TUR","","ALL","2016","6.4"
"TUR","","ALL","2017","5.65"
"TUR","","ALL","2018","5.44"
"TUR","","ALL","2019","5.21"
"UKR","","ALL","1981","26.57"
"UKR","","ALL","1982","25.05"
"UKR","","ALL","1985","43.24"
"UKR","","ALL","1986","40.65"
"UKR","","ALL","1987","43.29"
"UKR","","ALL","1988","46.05"
"UKR","","ALL","1989","45.43"
"UKR","","ALL","1990","47.78"
"UKR","","ALL","1991","49.86"
"UKR","","ALL","1992","49.86"
"UKR","","ALL","1993","54.42"
"UKR","","ALL","1994","57.62"
"UKR","","ALL","1995","57.91"
"UKR","","ALL","1996","55.95"
"UKR","","ALL","1997","52.74"
"UKR","","ALL","1998","46.72"
"UKR","","ALL","1999","46.7"
"UKR","","ALL","2000","45.69"
"UKR","","ALL","2001","39.85"
"UKR","","ALL","2002","36.48"
"UKR","","ALL","2003","33.79"
"UKR","","ALL","2004","31.16"
"UZB","","ALL","1981","32.59"
"UZB","","ALL","1982","29.49"
"UZB","","ALL","1985","32.16"
"UZB","","ALL","1986","26.8"
"UZB","","ALL","1987","30.61"
"UZB","","ALL","1988","27.54"
"UZB","","ALL","1989","28.88"
"UZB","","ALL","1990","30.36"
"UZB","","ALL","1991","34.06"
"UZB","","ALL","1992","33.26"
"UZB","","ALL","1993","35.23"
"UZB","","ALL","1994","36.49"
"UZB","","ALL","1995","41.26"
"UZB","","ALL","1996","42.15"
"UZB","","ALL","1997","36.84"
"UZB","","ALL","1998","39.33"
"UZB","","ALL","1999","32.26"
"UZB","","ALL","2000","39.9"
"UZB","","ALL","2001","33.78"
"UZB","","ALL","2002","30.87"
"UZB","","ALL","2003","32.2"
"UZB","","ALL","2004","7.62"
"UZB","","ALL","2005","8.6"
"UZB","","ALL","2009","5.18"
"UZB","","ALL","2010","3.92"
"UZB","","ALL","2011","3.35"
"UZB","","ALL","2012","3.11"
"UZB","","ALL","2013","3.39"
"UZB","","ALL","2014","3.04"
"UZB","","ALL","2015","2.84"
"UZB","","ALL","2016","2.91"
"","WESTERN_BALKANS","ALL","1998","4.68"
"","WESTERN_BALKANS","ALL","1999","4.98"
"","WESTERN_BALKANS","ALL","2000","4.9"
"","WESTERN_BALKANS","ALL","2001","3.92"
"","WESTERN_BALKANS","ALL","2002","3.89"
"","WESTERN_BALKANS","ALL","2003","4.3"
"","WESTERN_BALKANS","ALL","2004","4.02"
"","WESTERN_BALKANS","ALL","2005","4.07"
"","WESTERN_BALKANS","ALL","2006","3.48"
"","WESTERN_BALKANS","ALL","2007","3.49"
"","WESTERN_BALKANS","ALL","2008","3.51"
"","WESTERN_BALKANS","ALL","2009","3.46"
"","WESTERN_BALKANS","ALL","2011","3.54"
"","WESTERN_BALKANS","ALL","2016","3.93"
"","WESTERN_BALKANS","ALL","2017","4.02"
"","WESTERN_BALKANS","ALL","2019","4.09"
"","WESTERN_BALKANS","ALL","2021","3.25"
"","WHO_EURO","ALL","1981","13.1"
"","WHO_EURO","ALL","1982","12.51"
"","WHO_EURO","ALL","1985","15.77"
"","WHO_EURO","ALL","1986","14.55"
"","WHO_EURO","ALL","1987","14.74"
"","WHO_EURO","ALL","1988","15.55"
"","WHO_EURO","ALL","1989","15.72"
"","WHO_EURO","ALL","1990","16.06"
"","WHO_EURO","ALL","1991","14.62"
"","WHO_EURO","ALL","1992","14.54"
"","WHO_EURO","ALL","1993","16.07"
"","WHO_EURO","ALL","1994","16.73"
"","WHO_EURO","ALL","1995","15.79"
"","WHO_EURO","ALL","1996","15.26"
"","WHO_EURO","ALL","1997","14.47"
"","WHO_EURO","ALL","1998","13.49"
"","WHO_EURO","ALL","1999","13.1"
"","WHO_EURO","ALL","2000","13.74"
"","WHO_EURO","ALL","2001","12.67"
"","WHO_EURO","ALL","2002","12.38"
"","WHO_EURO","ALL","2003","12.29"
"","WHO_EURO","ALL","2004","11.03"
"","WHO_EURO","ALL","2005","10.91"
"","WHO_EURO","ALL","2006","10.57"
"","WHO_EURO","ALL","2007","10.44"
"","WHO_EURO","ALL","2008","10.27"
"","WHO_EURO","ALL","2009","10.17"
"","WHO_EURO","ALL","2010","9.9"
"","WHO_EURO","ALL","2011","9.98"
"","WHO_EURO","ALL","2012","9.73"
"","WHO_EURO","ALL","2013","9.84"
"","WHO_EURO","ALL","2014","9.63"
"","WHO_EURO","ALL","2015","9.78"
"","WHO_EURO","ALL","2016","9.71"
"","WHO_EURO","ALL","2017","9.58"
"","WHO_EURO","ALL","2018","9.54"
"","WHO_EURO","ALL","2019","9.42"
"","WHO_EURO","ALL","2020","9.28"

"Last update","2024.10.07 15:10:22 GMT"
"Description","Bronchitis/emphysema/asthma, all ages, per 100 000, by sex (age-standardized death rate)"
"Reference link","https://dw.euro.who.int/api/v3/measures/HFA_221?lang=En"

"Copyright"
"© WHO Regional Office for Europe 2024. All rights reserved.","https://www.who.int/about/policies/publishing/copyright"
